site_id,common_name,1895,1903,1908,1921,1947,1956,1957,1959,1960,1964,1965,1966,1969,1970,1971,1974,1975,1976,1977,1978,1979,1980,1981,1982,1983,1984,1985,1986,1987,1988,1989,1990,1991,1992,1993,1994,1995,1996,1997,1998,1999,2000,2001,2002,2003,2004,2005,2006,2007,2008,2009,2010,2011,2012,2013
ACUN,adelie penguin,,,,,,,,,,,,,,,,,,,,,,,,,,,,,,,,,,,0.05,0.05,,,,,,,,,,0.05,,,,,,0.9,,,
ACUN,chinstrap penguin,,,,,,,,,,,,,,,,,,,,,,,,,0.5,,,,,,,,,,,,,,,,,,,,,,,,,,,,,,
ADAM,adelie penguin,,,,,,,,,,,,,,,,,,,,,,,,,,,,,,,,,,,,,,,,,,,,,,,,,,,0.9,,,,
ADAR,adelie penguin,,,,,,,,,,,,,,,,,,,,,,,,,0.1,,,0.1,,0.1,,0.1,,0.1,,,,,,0.1,,,,,,,,,,,,0.9,,,0.1
AILS,chinstrap penguin,,,,,,,,,,,,,,,,,,,,,,,,,0.5,,,,,,,,,,,,,,,,,,,,,,,,,,,,,,
AITC,chinstrap penguin,,,,,,,,,,,,,,,,,,,,,,,,,,,,,,,,,,,,,,,0.05,,,,,,,,,,,0.05,,,0.05,,
AITC,gentoo penguin,,,,,,,,,,,,,,,,,,,,,,,,,,,,,,,,,,,,,,,,,0.05,,,,0.05,,0.05,0.05,0.05,0.05,0.05,0.05,0.05,,
AITK,chinstrap penguin,,,,,,,,,,,,,,,,,,,,,,,,,0.5,,,,,,,,,,,,,,,,,,,,,,,,,,,,,,
AKAR,adelie penguin,,,,,,,,,,,,,,,,,,,,,,,,,,,,,,,,,,,,,,,,,,,,,,,,,,,,0.9,,,
ALAS,adelie penguin,,,,,,,,,,,,,,,,,,,,,,,,,,,,,,,,,,,,,,,,,,,,,,,,,,0.9,,,,,
ALCO,chinstrap penguin,,,,,,,,,,,,,,,,,,,,,,,,,,,,,,,0.5,,,,,,,,0.1,,,,,,,,,,,,,0.05,,,
ALMI,gentoo penguin,,,,,,,,,,,,,,,,,,,,,,,,,,,,,,,,,,,,,0.05,0.05,0.05,,,,,,,,0.05,0.05,0.05,0.05,0.05,,0.05,0.05,0.05
AMBU,adelie penguin,,,,,,,,,,,,,,,,,,,,,,,,,,,,,,,,,,,,,,,,,,,,,,,,,,,,0.9,,,
AMPH,adelie penguin,,,,,,,,,,,,,,,,,,,,,,,,,0.25,,,,,,,,,,,,,,,,,,,,,,,,,,,0.9,,,
AMPH,chinstrap penguin,,,,,,,,,,,,,,,,,,,,,,,,,0.25,,,,,,,,,,,,,,,,,,,,,,,,,,,,,,
ANCH,adelie penguin,,,,,,,,,,,,,,,,,,,,,,,,,,,,,,,,,,,,,,,,,,,,,,,,,,,,0.9,,,
ANDE,chinstrap penguin,,,,,,,,,,,,,,,,,,,,,,,,,0.25,,,,,,,,,,,,,,,,,,,,,,,,,,,,,,
ANDI,adelie penguin,,,,,,,,,,,,,,,,,,,,,,,,,,,,,,,,,,,,,,,,,,,,,,,,,0.05,,0.05,,,0.05,
ANDR,adelie penguin,,,,,,,,,,,,,,,,,,,,,,,,,0.5,,,,,,,,,,,,,,,,,,,,,,,,0.05,,0.05,,,,
ANDS,adelie penguin,,,,,,,,,,,,,,,,,,,,,,,,,,,,,,,,,,,,,,,,,,,,,,,0.9,,,,,,,,
ANNE,adelie penguin,,,,,,,,,,,,,,,,,,,,,,,,,,,,0.1,,0.1,,,0.1,,0.1,,,0.1,,0.1,,,,0.1,,,,0.1,,,,,,,0.1
ANVS,chinstrap penguin,,,,,,,,,,,,,,,,,,,,,,,,,,,,0.05,,,,,,,,,,,,,,,,,,,,,,,,,,,
ARDL,adelie penguin,,,,,,,,,,,,,,,,,,,,,,0.25,0.05,,0.05,0.05,0.05,0.05,,,,,,,,0.05,0.05,0.05,0.05,0.05,0.05,0.05,0.05,0.05,0.05,0.05,0.05,,,,,,,,
ARDL,chinstrap penguin,,,,,,,,,,,,,,,,,,,,,,0.05,0.05,,0.05,0.05,0.05,,,,,,,,,0.05,0.05,0.05,0.05,0.05,0.05,0.05,0.05,0.05,0.05,0.05,0.05,,,,,,,,
ARDL,gentoo penguin,,,,,,,,,,,,,,,,,,,,,,0.05,0.05,,0.05,0.05,0.05,0.05,,,,,,,,0.05,0.05,0.05,0.05,0.05,0.05,0.05,0.05,0.05,0.05,0.05,0.05,,,,,,,,
ARMS,chinstrap penguin,,,,,,,,,,,,,,,,,,,,,,,,,0.05,,,,,,0.05,,,,,,,,,,,,,,,,,,,,,,,0.05,
ARTH,adelie penguin,,,,,,,,,,,,,,,,,,,,,,,,,,,,,,,,,,,,,,,,,,,,,,,,,,,,,0.9,,
ASPL,chinstrap penguin,,,,,,,,,,,,,,,,,,0.5,,,,,,,,,,,,,,,,,,,,,,,,,,,,,,,,,,,,,
ASTR,chinstrap penguin,,,,,,,,,,,,,,,,,,,,,,,,,,,,0.5,,,,,,,,,,,,,,,,,,,,,,,,,,,
AUST,adelie penguin,,,,,,,,,,,,,,,,,,,,,,,,,,,,,,,,,,,,,,,,,,,,,,,,0.9,,,,,,,
AVIA,adelie penguin,,,,,,,,,,,,,,,,,,,,0.1,,,,,,,,,,,,,,,,,,,,,,,,,,,,,,,,,,0.05,
BACH,chinstrap penguin,,,,,,,,,,,,,,,,,,,,,,0.1,,,,,,,,,,,,,,,,,,,,,,,,,,,,,,,,,
BACK,adelie penguin,,,,,,,,,,,,,,,,,,,,,,,,,,,,,,,,,,,,,,,,,,,,,,,,,,,,0.9,,,
BAIL,chinstrap penguin,,,,,,,,,,,,,,,,,,,,,,,,,,,,,,,0.9,,,,,,,,,,,,,,,,,,,0.5,,,0.05,,
BALA,adelie penguin,,,,,,,,,,,,,,,,,,,,,,,,,,,,,,,,,,,,,,,,,,,,,,,,,,,,,0.9,,
BARC,adelie penguin,,,,,,,,,,,,,,,,,,,,,,,,0.9,,,,,,,,,,,,,,,,,,,,,,,,,,,,,,0.05,
BARN,chinstrap penguin,,,,,,,,,,,,,,,,,,,,,,,,,,,,,0.5,,,,,,,,,,,,,,,,,,,,,,,,,,
BARN,gentoo penguin,,,,,,,,,,,0.25,,,,,,,,,,,,,,,,,,0.05,,,,,,,,,,,,,,,,,,,,,,,,,,
BART,chinstrap penguin,,,,,,,,,,,,,,,,,,,,,,0.1,,,,0.25,0.1,0.25,,,0.1,,,0.1,,0.1,,,,,,0.1,0.1,,,,,0.1,0.1,0.1,0.1,0.1,0.1,0.1,0.1
BART,gentoo penguin,,,,,,,,,,,,,,,,,,,,,,,,,,0.1,0.1,0.1,,,0.1,,,0.1,,0.1,,,,,,0.1,0.1,,,,,0.1,0.1,0.1,0.1,0.1,0.1,0.1,0.1
BATT,adelie penguin,,,,,,,,,,,,,,,,,,,,,,,,,,,,,,,,,,,,,,,,,,,,,,,,,,,,0.9,,,
BEAG,adelie penguin,,,,,,,,,,,,,,,,,,,,,,,,,,,,,,,,,,,,,,,,,,,,,,,,,,,,0.9,,,
BEAN,adelie penguin,,,,,,,,,,,,,,,,,,,,,,,,,,,,,,,,,,,,,,,,,,,,,,0.1,0.1,,,0.1,,0.1,,,0.1
BEAU,adelie penguin,,,,,,,,,,,,,,,,,,,,,,,,,0.1,0.1,0.1,0.1,0.1,0.1,0.1,0.1,0.1,0.1,,,,0.1,,0.1,,,,,,0.1,0.1,0.1,,0.1,,0.1,,,0.1
BEAV,chinstrap penguin,,,,,,,,,,,,,,,,,,,,,,,,,,,,0.5,,,,,,,,,,,,,,,,,,,,,,,,,,,
BECH,adelie penguin,,,,,,,,,,,,,,,,,,,,,,,,,,,,,,,,0.05,0.05,0.05,0.05,0.05,0.05,0.05,0.05,0.05,0.05,0.05,0.05,,,,,,,,,,,,
BELI,chinstrap penguin,,,,,,,,,,,,,,,,,,,,,,,,,,,0.5,,,,,,,,,,,,,,,,,,,,,,,,,,,,
BELL,chinstrap penguin,,,,,,,,,,,,,,,,,,,,,,0.1,,,,,,,,,,,,,,,,,,,,,,,,,,,,,,,,,
BELS,chinstrap penguin,,,,,,,,,,,,,,0.5,,,,,,,,,,,,,,,,,,,,,,,,,,,,,,,,,,,,,,,,,
BENE,gentoo penguin,,,,,,,,,,,,,,,,,,,,,,,,,,,,,,,,,,,,,,,,,,,,,,,,0.25,0.05,,,,0.05,,0.05
BENN,chinstrap penguin,,,,,,,,,,,,,,,,,,,,,,,,,0.5,,,,,,,,,,,,,,,,,,,,,,,,,,,,,,
BERK,adelie penguin,,,,,,,,,,,,,,,,,,,,,,,,,,,,,,,0.1,,,,,,,,,,,,,,,,,,,,,0.9,,,
BERN,gentoo penguin,,,,,,,,,,,,,,,,,,,,,,,,,,,,,,,,,,,,,,,,,,,,,,,,,,,,,,,
BERT,adelie penguin,,,,,,,,,,,,,,,,,,,,,,,,0.05,,,,,,,,,,,,,,,,,,,,,,,,0.05,,,,0.05,,0.05,
BIEN,adelie penguin,,,,,,,,,,,,,,,,,,,,,,,,,,,,,,,,,,,,,,,0.1,,,,,,,,,,,,,0.9,,,
BISC,adelie penguin,,,,,,,,,,,,,,,,,,,,,,,,,,0.05,,0.25,,,,,,,,,,0.05,,,0.05,0.05,0.05,0.05,,,,,,,0.05,0.05,0.05,0.05,
BISC,gentoo penguin,,,,,,,,,,,,,,,,,,,,,,,,,,0.05,,,,,,,,,,0.05,0.05,0.05,0.05,0.05,0.05,0.05,0.05,0.05,0.05,0.05,0.05,0.05,,,0.05,0.05,0.05,0.05,
BLAK,chinstrap penguin,,,,,,,,,,,,,,,,,,,,,,,,,,,,0.25,,,,0.5,,,,,,,,,,,,,,,,,,,,,,,
BOLI,adelie penguin,,,,,,,,,,,,,,,,,,,,,,,0.05,,,,,,,,,,,,,,,,,,,,,,,,,,,,,,,,
BONG,adelie penguin,,,,,,,,,,,,,,,,,,,,,,,,,0.5,,,,,,,,,,,,,,,,,,,,,,,,0.05,0.05,,0.05,,0.05,
BOWL,adelie penguin,,,,,,,,,,,,,,,,,,0.5,,,,,,,,,,,,,,,,,,,,,,,,,,,,,,0.9,,,,,,,
BOWL,chinstrap penguin,,,,,,,,,,,,,,,,,,0.5,,,,,,,,,,,,,,,,,,,,,,,,,,,,,,,,,,,,,
BOYE,chinstrap penguin,,,,,,,,,,,,,,,,,,,,,,,,,,,,0.5,,,,0.5,,,,,,,,,,,,,,,,,,,,,,,
BRAS,adelie penguin,,,,,,,,,,,,,,,,,,,,,,,,,,,,,,,,,,,,,,,,,0.9,,,,,,,,,,,,,,
BRAT,adelie penguin,,,,,,,,,,,,,,,,,,,,,,,0.05,,,,,,,,,,,,,,,,,,,,,,,,,,,,,,,,
BRDM,adelie penguin,,,,,,,,,,,,,,,,,,,,,,,,,0.1,0.1,0.1,0.1,0.1,0.1,0.1,0.1,0.1,0.1,0.1,0.1,0.1,0.1,0.1,0.1,0.1,0.1,0.1,0.1,0.1,0.1,0.1,0.1,0.1,,0.1,0.1,0.1,0.1,0.1
BRDN,adelie penguin,,,,,,,,,,,,,,,,,,,,,,,,0.1,0.1,0.1,0.1,0.1,0.1,0.1,0.1,0.1,0.1,0.1,0.1,0.1,0.1,0.1,0.1,0.1,0.1,,0.1,0.1,0.1,0.1,0.1,0.1,0.1,0.1,0.1,0.1,0.1,0.1,0.1
BRDS,adelie penguin,,,,,,,,,,,,,,,,,,,,,,,,,0.1,0.1,0.1,0.1,0.1,0.1,0.1,0.1,0.1,0.1,0.1,0.1,0.1,0.1,0.1,0.1,0.1,0.1,0.1,0.1,0.1,0.1,0.1,0.1,0.1,0.1,0.1,0.1,0.1,0.1,0.1
BRIM,chinstrap penguin,,,,,,,,,,,,,,,,,,,,,,0.1,,,,,,,,,,,,,,,,,,,,,,,,,,,,,,,,,
BRIT,chinstrap penguin,,,,,,,,,,,,,,0.5,,,,,,,,,,,,,,,,,,,,,,,,,,,,,,,,,,,,,,,,,
BRIT,gentoo penguin,,,,,,,,,,,,,,0.5,,,,,,,,,,,,,,,,,,,,,,,,,,,,,,,,,,,,,,,,,
BRIW,chinstrap penguin,,,,,,,,,,,,,,0.25,,,,,,,,,,,,,,,,,,,,,,,,,,,,,,,,,,,,,,,,,
BROW,adelie penguin,,,,,,,,,,,,,,,,,,,,,,,,,,,,,,,,,,,,,,,,,,,,,,,,0.9,,,,,,,
BROW,gentoo penguin,,,,,,,,,,,,,,,,,,,,,,,,,,,,,,,,,,,,,,,,,0.05,0.05,0.05,0.05,0.05,0.05,0.05,0.05,,0.05,0.05,,,0.05,0.05
BRPW,chinstrap penguin,,,,,,,,,,,,,,,,,,,,,,0.1,,,,,,,,,,,,,,,,,,,,,,,,,,,,,,,,,
BRUC,chinstrap penguin,,,,,,0.9,,,,,,,,,,,,,,,,,,,,,,,,,,,,,,,,,,,,,,,,,,,,,,,,,
BRYE,gentoo penguin,,,,,,,,,,,,,,,,,,,,,,,,,,,0.05,,,,,,,,,,,,,,,,,,,,,0.1,,0.05,0.05,0.05,0.05,0.05,0.05
BRYS,gentoo penguin,,,,,,,,,,,,,,,,,,,,,,,,,,,,,,,,,,,,,,,,,,,,,,,,0.05,,0.05,0.05,0.05,0.05,0.05,0.05
BSON,adelie penguin,,,,,,,,,,,,,,,,,,,,,,,,,,,,,,,,,,,,,,,,,,,,,,,,,,,,,0.9,,
BUCH,chinstrap penguin,,,,,,,,,,,,,,,,,,,,,,,,,0.5,,,,,,,,,,,,,,,,,,,,,,,,,,,,,,
BUCK,adelie penguin,,,,,,,,,,,,,,,,,,,,,,,,,,,,,,,,,,,,,,,,,,,,,,,,,,,,0.9,,,
BURK,adelie penguin,,,,,,,,,,,,,,,,,,,,,,,,,,,,,,,,0.05,,,,,,,,,,,,,,,,,,,,0.9,,,
BUSK,chinstrap penguin,,,,,,,,,,,,,,,0.9,,,,,,,,,,,,,,,,,,,,,,,,,,,,,,,,,,,,,,,,
BYER,chinstrap penguin,,,,,,,,,,,,,,,,,,,,,,,,,,,,,,0.05,,,,,,,,,,,,,,,,,,,,,,,,,
CARL,chinstrap penguin,,,,,,,,,,,,,,,,,0.05,,,,,,,,,,,,,,,,,,,,,,,,,,,,,,,,,,,,,,
CARO,chinstrap penguin,,,,,,,,,,,,,,,,,,,,,,,,,,,,0.5,,,,,,,,,,,,,,,,,,,,,,,,,,,
CASY,chinstrap penguin,,,,,,,,,,,,,0.25,,,,,,,,,,,,,,,,,,,,,,,,,,,,,,,,,,,,,,,,,,
CBAR,adelie penguin,,,,,,,,,,,,,,,,,,,,,,,,,,,,,,0.05,0.05,,,,,,,,,,,,,,,,,,,,,0.05,,,
CBAY,adelie penguin,,,,,,,,,,,,,,,,,,,,,,,,,,,,,,,,,,,,,,,,,,,,,,,,,,,,0.9,,,
CCMP,chinstrap penguin,,,,,,,,,,,,,,0.25,,,,,,,,,,,,,,,,,,,,,,,,,,,,,,,,,,,,,,,,,
CDAV,adelie penguin,,,,,,,,,,,,,,,,,,,,,,,,,,0.1,,,,,,,,,,,,,,,,,,,,,0.1,,,,,,,,
CECI,chinstrap penguin,,,,,,,,,,,,,,,,,,,,,,,,,,,,,,,,,,,,,,,,,,,,,,,0.05,,,,,,,,
CHAB,chinstrap penguin,,,,,,,,,,,,,,,,,,,,,0.05,0.05,,,,,,,,,,,,,,,,,,,,,,,,,,,,,,,,,
CHAL,adelie penguin,,,,,,,,,,,,,,,,,,,,,,,0.1,0.1,0.1,0.1,0.1,0.1,0.1,0.1,,0.1,0.1,0.1,,,,0.1,,0.1,,,0.1,,,,,0.1,,,,0.9,,,0.1
CHAP,adelie penguin,,,,,,,,,,,,,,,,,,,,,,,,,,,,,,,0.1,,,,,,,,,,,,,,,,,,,,,0.9,,,
CHAR,adelie penguin,,,,,,,,,,,,,,,,,,,,,,,,,,,,,,,,,,,,,,,,,,,,,,,,,,,,0.9,,,
CHAT,adelie penguin,,,,,,,,,,,,,,,,,,,,,,,,0.9,,,,,,,,,,,,,,,,,,,,,,,,,,,,,,0.05,
CHEA,chinstrap penguin,,,,,,,,,,,,,,,,,,,,,,,,,0.5,,,,,,,,,,,,,,,,,,,,,,,,,,,,,,
CHEC,chinstrap penguin,,,,,,,,,,,,,,,,,,,,,,,,,0.9,,,,,,,,,,,,,,,,,,,,,,,,,,,,,,
CHI1,adelie penguin,,,,,,,,,,,,,,,,,,,,,,,,,,,,,,,,,,,,,,,,,,,,,,,0.9,,,,,,,,
CHI2,adelie penguin,,,,,,,,,,,,,,,,,,,,,,,,,,,,,,,,,,,,,,,,,,,,,,,0.9,,,,,,,,
CHI3,adelie penguin,,,,,,,,,,,,,,,,,,,,,,,,,,,,,,,,,,,,,,,,,,,,,,,0.9,,,,,,,,
CHIC,adelie penguin,,,,,,,,,,,,,,,,,,,,,,,,,,,,,,,,,,,,,,,,,,,,,,,,,,,,0.9,,,
CHII,adelie penguin,,,,,,,,,,,,,,,,,,,,,,,,,,0.1,,,,,,,,,,,,,,,,,,,,,0.1,,,,,,,,
CHIN,chinstrap penguin,,,,,,,,,,,,,,,,,,0.5,,,,,,,,,,,,,,,,,,,,,,,,,,,,,,,,,,,,,
CHIS,adelie penguin,,,,,,,,,,,,,,,,,,,,,0.05,,,0.05,0.05,,0.05,0.05,,,,,,,,,,,,,,,,,,,,,,,,,,,
CHNE,chinstrap penguin,,,,,,,,,,,,,,,,,,,,,,,,,,,,0.5,,,,,,,,,,,,,,,,,,,,,,,,,,,
CHPT,chinstrap penguin,,,,,,,,,,,,,,,,,,,,,,,,,,,,0.05,,,,,,,,,,,0.1,,,,,,,,,,,,,0.05,,,
CHPT,gentoo penguin,,,,,,,,,,,,,,,,,,,,,,,,,,,,0.25,,,,,,,,,,,0.1,,,,,,,,,,,,,0.05,,,
CHRI,gentoo penguin,,,,,,,,,,,,,,,,,,,,,,,,,0.05,,,,,,,,,,,,,,,,,,,,,,,,,,,,,,
CHSE,chinstrap penguin,,,,,,,,,,,,,,,,,,,,,,,,,0.5,,,,,,,,,,,,,,0.1,,,,,,,,,,,,,0.05,,,
CHUN,adelie penguin,,,,,,,,,,,,,,,,,,,,,,,,,,,,,,,,,,,,,,,0.1,,,,,,,,,,,,0.9,,,,
CIER,gentoo penguin,,,,,,,,,,,,,,,,,,,,,,,,,,,,,,,,,0.05,0.05,0.05,0.05,0.05,0.05,0.1,,,,,,,,,,,,,0.05,,,
CIPT,chinstrap penguin,,,,,,,,,,,,,,,,,,,,,,0.1,,,,,,,,,,,,,,,,,,,,,,,,,,,,,,,,,
CLAR,adelie penguin,,,,,,,,,,,,,,,,,,,,,,,,,,,,,,,,,,,,,,,,,,,,,,,,,,,,,0.9,,
CLIN,chinstrap penguin,,,,,,,,,,,,,,0.5,,,,,,,,,,,,,,,,,,,,,,,,,,,,,,,,,,,,,,,,,
CLPT,chinstrap penguin,,,,,,,,,,,,,,,,,,,,,,,,,,0.05,,,,,,,,,,,,,,,,,,,,,,,,,,,,,
CMEL,chinstrap penguin,,,,,,,,,,,,,,,,,,,,,,0.1,,,,,,,,,,,,,,,,,,,,,,,,,,,,,,,,,
CMID,adelie penguin,,,,,,,,,,,,,,,,,,,,,,,,,0.1,,0.1,0.1,0.1,0.1,0.1,,0.1,,0.1,,,0.1,,0.1,,,0.1,,,,,0.1,,,,0.9,,,0.1
CMUR,chinstrap penguin,,,,,,,,,,,,,,,,,,,,,,,,,,,,,,,,,,,,,,,,,,,,,,,,,,,,,,,
CNOR,adelie penguin,,,,,,,,,,,,,,,,,,,,,,,,,0.1,,,0.1,,0.1,0.1,,0.1,,0.1,,,,,,,,0.1,0.1,,,,0.1,,,,0.9,,,0.1
COBA,chinstrap penguin,,,,,,,,,,,,,,,0.05,,,,,,,,,,,,0.9,,,,,,,,,,,,,,,,,,,,,,,,,,0.05,,
COCK,adelie penguin,,,,,,,,,,,,,,,,,,,,,,,,,,,,,,,,,,,,,,,,,,,,,,,,,,,,0.9,,,
COFF,chinstrap penguin,,,,,,,,,,,,,,,,,,,,,,,,,0.5,,,,,,,,,,,,,,,,,,,,,,,,,,,,,,
COLB,adelie penguin,,,,,,,,,,,,,,,,,,,,,,,,,,,,,,,,,,,,,,,,,,,,,,,,,,,,0.9,,,
CONE,adelie penguin,,,,,,,,,,,,,,,,,,,,,,,,0.9,,,,,,,,,,,,,,,,,,,,,,,,,,,,,,0.05,
CONE,chinstrap penguin,,,,,,,,,,,,,,,,,,,,,,,,,,,,,,,,,,,,,,,,,,,,,,,,,,,,,,0.05,
CONF,chinstrap penguin,,,,,,,,,,,,,,,,,,,,0.05,,,,,,,,,,,,,,,,,,,,,,,,,,,,,,,,,,,
CONI,adelie penguin,,,,,,,,,,,,,,,,,,,,,,,,,,,0.1,,,,,,,,,,,,,,,,,,,,,,,,,,,,
CONW,gentoo penguin,,,,,,,,,,,,,,,,,,,,,,,,,,,,0.25,,,,,,,,,,,,,,,,,,,,,,,,,,,
CORI,chinstrap penguin,,,,,,,,,,,,,,,,,,,,,,,,,,,,,0.25,,,,,,,,,,,,,,,,,,,,,,,,,,
CORM,adelie penguin,,,,,,,,,,,,,,,,,,,,,0.05,0.05,,0.05,0.05,0.05,0.05,0.05,,,,,,,,,,,,,,,,,,,,,,,,,,,
CORN,adelie penguin,,,,,,,,,,,,,,,,,,,,,,,,,,0.1,,,,,,,,,,,,,,,,,,,,,0.1,,,,,,,,
CORP,adelie penguin,,,,,,,,,,,,,,,,,,,,,,,,,,,,,,,,,,,0.05,,,,,,,,,,,0.05,,,,,,,,,
COTT,adelie penguin,,,,,,,,,,,,,,,,,,,,,,,0.1,,0.1,0.1,,,0.1,0.1,,0.1,,,,,,0.1,,,,,,,,,,0.1,,,,0.9,,,0.1
CPTW,chinstrap penguin,,,,,,,,,,,,,,,,,,,,,,0.1,,,,,,,,,,,,,,,,,,,,,,,,,,,,,,,,,
CRAB,chinstrap penguin,,,,,,,,,,,,,,0.25,,,,,,,,,,,,,,,,,,,,,,,,,,,,,,,,,,,,,,,,,
CRAG,chinstrap penguin,,,,,,,,,,,,,,,,,,0.9,,,,,,,,,,,,,,,,,,,,,,,,,,,,,,,,,,,,,
CRBA,chinstrap penguin,,,,,,,,,,,,,,0.25,,,,,,,,,,,,,,,,,,,,,,,,,,,,,,,,,,,,,,,,,
CROB,chinstrap penguin,,,,,,,,,,,,,,,,,,,,,,,,,0.5,,,,,,,,,,,,,,,,,,,,,,,,,,,,,,
CROW,chinstrap penguin,,,,,,,,,,,,,,,,,,,,,,,,,0.9,,,,,,,,,,,,,,,,,,,,,,,,,,,,,,
CROZ,adelie penguin,,,,,,,,,,,,,,,,,,,,,,,,,,,0.1,0.1,0.1,0.1,0.1,0.1,0.1,0.1,0.1,0.1,0.1,0.1,0.1,0.1,0.1,,0.1,0.1,0.1,0.1,0.1,0.1,0.1,0.1,0.1,0.1,0.1,0.1,0.1
CRUZ,adelie penguin,,,,,,,,,,,,,,,,,,,,,,,,,,,,,,,,,,,,,,,,,,,,,,,,,,,,0.9,,,
CRWL,chinstrap penguin,,,,,,,,,,,,,,,,,,0.5,,,,,,,,,,,,,,,,,,,,,,,,,,,,,,,,,,,,,
CSOU,adelie penguin,,,,,,,,,,,,,,,,,,,,,,,,,0.1,,,0.1,0.1,0.1,0.1,,,,0.1,,,0.1,,0.1,,,,,,,,0.1,,,,0.9,,,0.1
CURZ,adelie penguin,,,,,,,,,,,,,,,,,,,,,,,,,,,,,,,,,,,,,,,0.1,,,,,,,,,,,,,0.9,,,
CUVE,chinstrap penguin,,,,,,,,,,,,,,,0.05,,,,,,,,,,,,,,,,,,,,,,,,,,,,,,,,,,,,,,0.05,,
CUVE,gentoo penguin,,,,,,,,,,,,,,,,,,,,,,,,,,,,,,0.05,,,,0.05,0.05,0.05,,,,,,,,,0.05,,0.05,0.25,,0.05,0.05,0.05,0.05,0.05,0.05
CVIK,chinstrap penguin,,,,,,,,,,0.5,,,,,,,,,,,,,,,,,,,,,,,,,,,,,,,,,,,,,,,,,,,,,
DAMO,gentoo penguin,,,,,,,,,,,,,,,,,,,,,,,,0.05,0.05,,,,,0.25,,0.05,,,,,,,,0.05,,,,0.05,,0.05,0.05,,0.05,0.05,0.05,0.05,0.05,0.05,0.05
DANC,gentoo penguin,,,,,,,,,,,,,,,,,,,,,,,,,,,,,,,,,,0.05,,0.1,,,,,0.1,,,,,,,0.05,0.05,0.05,0.05,0.05,0.05,0.05,0.05
DARB,adelie penguin,,,,,,,,,,,,,,,,,,,,,,,,,0.5,,,,,,,,,,,,,,,,,,,,,,,,,,,,,0.05,
DARW,adelie penguin,,,,,,,,,,,,,,,,,,,,,,,,,,,,,,,,,,,,,,,,,0.9,,,,,,,,,,,,,,
DARX,adelie penguin,,,,,,,,,,,,,,,,,,,,,,,,,,,,,,,,,,,,,,,,,,,,,,,,,,,,,,0.05,
DAVE,chinstrap penguin,,,,,,,,,,,,,,,,,,,,,,0.1,,,,,,,,,,,,,,,,,,,,,,,,,,,,,,,,,
DAVI,adelie penguin,,,,,,,,,,,,,,,,,,,,,,,,,,,,,,,,,,,0.1,,,,,,,,,,,,,,,,,0.9,,,
DECI,chinstrap penguin,,,,,,,,,,,,,,0.5,,,,,,,,,,,,,,,,,,,,,,,,,,,,,,,,,,,,,,,,,
DEEI,adelie penguin,,,,,,,,,,,,,,,,,,,,,,,,,,,,,,,,,,,,,,,,,,,,,,,,,,,,0.05,,,
DEEI,chinstrap penguin,,,,,,,,,,,0.5,,,,,,,,,,,,,,,,,,,,,,,,,,,,,,,,,,,,,,,,,0.05,,,
DELA,chinstrap penguin,,,,,,,,,,,,,,,,,,,,,,,,,,,,,,0.5,,,,,,,,,,,,,,,,,,,,,,0.05,,,
DEMA,chinstrap penguin,,,,,,,,,,,,,,,,,,,,,0.1,0.1,0.1,,,,,,,0.1,0.1,0.1,,0.1,,0.1,0.1,0.1,,,,,,,,,,,,,,,,,
DENI,adelie penguin,,,,,,,,,,,,,,,,,,,,,,,,,,,,,,,,,,,,,,,,,,,,,,,,,,,,0.9,,,
DESC,adelie penguin,,,,,,,,,,,,,,,,,,,,,,,,,,,,,,,,,,,,,,,,,,,,,,,,,,,,,,0.05,
DETA,adelie penguin,,,,,,,,,,,,,,,,,,,,,,,,,,,,,,,,,,,,,,,,,,,,,0.05,,,,0.05,,0.05,,,0.05,
DEVI,adelie penguin,,,,,,,,,,,,,,,,,,,,,,,,,,,,,,,,,,,,,,,,,,,,,,0.1,,,,0.05,,,,,
DOBE,gentoo penguin,,,,,,,,,,,,,,,,,,,,,,,,,,,,,,,,,,,,,,,,,,,,,,0.05,0.05,,0.05,0.05,0.05,0.05,,0.05,0.05
DOME,adelie penguin,,,,,,,,,,,,,,,,,,,,,,,,,,,0.1,,,,,,,,,,,,,,,,,,,,,,,,,,,,
DOU1,adelie penguin,,,,,,,,,,,,,,,,,,,,,,,,,,,,,,,,,,,,,,,,,,,,,,,0.9,,,,,,,,
DOU2,adelie penguin,,,,,,,,,,,,,,,,,,,,,,,,,,,,,,,,,,,,,,,,,,,,,,,0.9,,,,,,,,
DOWN,adelie penguin,,,,,,,,,,,,,,,,,,,,,,,,,0.1,0.1,,0.1,,0.1,,0.1,,0.1,,,,,,0.1,,,0.1,,,,,,,,,,0.9,,0.1
DREA,adelie penguin,,,,,,,,,,,,,,,,,,,,,,,,,,0.9,0.25,,,,,,,,,,,,,,,,,,,,,,0.9,,,,,,
DREA,chinstrap penguin,,,,,,,,,,,,,,,,,,,0.05,,,,,,0.05,0.05,0.05,,,,,,,,,,,,,,,,,,,,,,,,,,,,
DREW,chinstrap penguin,,,,,,,,,,,,,,,,,,,,,,,,,,0.05,,,,,,,,,,,,,,,,,,,,,,,,,,,,,
DUKE,adelie penguin,,,,,,,,,,,,,,,,,,,,,,,,0.1,,,0.1,,,0.1,,0.1,,0.1,,,,,,,,,,,,,,,,,,0.9,,,0.1
DUND,gentoo penguin,0.05,,,,,,,,,,,,,,,,,,,,,,,,,,,,,,,,,,,,,,,,,,,,,,,,,,,,,,
DUPT,chinstrap penguin,,,,,,,,,,,,,,,,,,,,,,,,,,,,,,0.05,,,,,,,,,,,,,,,,,,,,,,0.05,0.05,,0.05
DUPT,gentoo penguin,,,,,,,,,,,,,,,,,,,,,,,,,,,,,,,,,,,,,,,,,,,,,,,,,,,,0.05,0.05,,0.05
DURO,adelie penguin,,,,,,,,,,,,,,,,,,,,,,,,,,,,,,,,0.5,,,,,,,,,,,,,,,,,,,,,,,
DURO,chinstrap penguin,,,,,,,,,,,,,,,,,,,,,,,,,,,,,,,,0.5,,,,,,,,,,,,,,,,,,,,,,,
DURO,gentoo penguin,,,,,,,,,,,,,,,,,,,,,,,,,,,,,,,,,,,,,,,,,,,,,,,,,,,,,,,
DURV,adelie penguin,,,,,,,,,,,,,,,,,,,,,,,,,,,,,,,,,,,,,,,,,,,,,,,0.5,,,,,,0.9,,
DUTH,adelie penguin,,,,,,,,,,,,,,,,,,,,,,,,,,,,,,,,,,,0.05,,,,,,,,,,,,,,,,,,,,
EADI,chinstrap penguin,,,,,,,,,,,,,,,,,,,0.5,,,,,,,,,,,,,,,,,,,,,,,,,,,,,,,,,,,,
EARL,adelie penguin,,,,,,,,,,,,,,,,,,,,,,,,,,,,,,,,,,,,,,,,,,0.9,,,,,,,,,,,,,
ECAP,chinstrap penguin,,,,,,,,,,,,,,,,,,,,,,,,,0.5,,,,,,,,,,,,,,,,,,,,,,,,,,,,,,
ECKE,chinstrap penguin,,,,,,,,,,,,,,,,,,,,,,,,,,,,0.5,,,,,,,,,,,,,,,,,,,,0.05,,,,,0.05,,
EDEN,adelie penguin,,,,,,,,,,,,,,,,,,,,,,,,,,,,,,,,,,,,,,0.25,,,,,,,,,,,,,,0.9,,,
EDMO,adelie penguin,,,,,,,,,,,,,,,,,,,,,,,0.1,,,0.1,,,0.1,,0.1,,0.1,0.1,0.1,,,0.1,,,,,,,,,0.1,0.1,,,,,,,0.1
EDWI,adelie penguin,,,,,,,,,,,,,,,,,,,,,,,,,,,,,,,,,,,,,,,,,,,,,,,,,,,0.9,,,,
EIP0,chinstrap penguin,,,,,,,,,,,,,,0.5,,,,,,,,,,,,,,,,,,,,,,,,,,,,,,,,,,,,,,,,,
EIP1,chinstrap penguin,,,,,,,,,,,,,,0.25,,,,,,,,,,,,,,,,,,,,,,,,,,,,,,,,,,,,,,,,,
EIP2,chinstrap penguin,,,,,,,,,,,,,,0.25,,,,,,,,,,,,,,,,,,,,,,,,,,,,,,,,,,,,,,,,,
EIP3,chinstrap penguin,,,,,,,,,,,,,,0.25,,,,,,,,,,,,,,,,,,,,,,,,,,,,,,,,,,,,,,,,,
EIP4,chinstrap penguin,,,,,,,,,,,,,,0.5,,,,,,,,,,,,,,,,,,,,,,,,,,,,,,,,,,,,,,,,,
EIP5,chinstrap penguin,,,,,,,,,,,,,,0.5,,,,,,,,,,,,,,,,,,,,,,,,,,,,,,,,,,,,,,,,,
ELLI,chinstrap penguin,,,,,,,,,,,,,,,,,,,,,,,,,0.5,,,,,,,,,,,,,,,,,,,,,,,,,,,,,,
ELPT,gentoo penguin,,,,,,,0.5,,,,,,,,,,,,,,,,,,,,,,,,,,,,,,,,,,,,,,,,,,,,,,,,
EMPE,adelie penguin,,,,,,,,,,,,,,,,,,,,,,,,,,,0.9,,,,,,,,,,,,,,,,,,,,,,,,,,,,
EMPE,chinstrap penguin,,,,,,,,,,,,,,,,,,,,,,,,,,,,,,,,,,,,,,,,,,,,,,,,,,,,,,0.05,
ENTR,chinstrap penguin,,,,,,,,,,,,,,,,,,,,,,,,,,,,,,,,,,,,,,,,,0.05,,,,,,0.05,0.05,,,,,0.05,0.05,0.05
ENTW,chinstrap penguin,,,,,,,,,,,,,,,,,,,,,,,,,,,,,,,,,,,,,,,,,,,,,,,,,,,,,0.25,,
ETNA,adelie penguin,,,,,,,,,,,,,,,,,,,,,,,,,,,,,,,,,,,,,,,,,,,,,,,,,,,,0.9,,,
EVEN,adelie penguin,,,,,,,,,,,,,,,,,,,,,,,,,0.5,,,,,,,0.5,,,,,,,,,,,,,,,,,,,,,,0.05,
EVER,adelie penguin,,,,,,,,,,,,,,,,,,,,,,,,,,,,,,,,,,,,,,,,,,,,,,,,,,,,,,0.05,
FARE,chinstrap penguin,,,,,,,,,,,,,,,,,,,,,,,,,,,0.9,,,,,,,,,,,,,,,,,,,,,,,,,,,,0.05
FARI,chinstrap penguin,,,,,,,,,,,,,,,,,,0.5,,,,,,,,,,,,,,,,,,,,,,,,,,,,,,,,,,,,,
FBER,adelie penguin,,,,,,,,,,,,,,,,,,,,,,,,,,,,,,,,,,,,,,,,,,,,,,,,,,,,,0.9,,
FERG,chinstrap penguin,,,,,,,,,,,,,,,,,,,,,,,,,0.5,,,,,,,,,,,,,,,,,,,,,,,,,,,,,,
FERR,adelie penguin,,,,,,,,,,,,,,,,,,,,,,,,,0.9,,,,,,,,,,0.25,,,,,,,,,,,0.25,,,,,,,,,
FERR,chinstrap penguin,,,,,,,,,,,,,,,,,,,,,,,,,0.9,,,,,,,,,,,,,,,,,,,,,,,,,,,,,,
FERR,gentoo penguin,,,,,,,,,,,,,,,,,,,,,,,,,,,,,,,,,,,,,,,,,,,,,,,,,,,,,,,
FISH,adelie penguin,,,,,,,,,,,,,,,,,,,,,,,,,0.5,,,,,,,,,,,,,,,,,,,,,,,,0.05,,,0.05,,0.05,
FITC,adelie penguin,,,,,,,,,,,,,,,,,,,,,,,,,0.9,,,,,,,,,,0.05,,,,,,,,,,,0.05,,,,,,,,,
FITC,chinstrap penguin,,,,,,,,,,,,,,,,,,,,,,,,,0.5,,,,,,,,,,,,,,,,,,,,,,,,,,,,,,
FIZK,adelie penguin,,,,,,,,,,,,,,,,,,,,,,,,,0.5,,,,,,,,,,,,,,,,,,,,,,,,,,,,,0.05,
FLIE,adelie penguin,,,,,,,,,,,,,,,,,,,,,,,,,,,,,,,,,,,,,,,,,,,,,,,,,,,,0.9,,,
FLOR,chinstrap penguin,,,,,,,,,,,,,,,,,,,,,,,,,0.5,,,,,,,,,,,,,,,,,,,,,,,,,,,,,,
FORB,adelie penguin,,,,,,,,,,,,,,,,,,,,,,,,,,,,,,,,,,,,,,,,,,,,,,,,,,,,0.9,,,
FORT,chinstrap penguin,,,,,,,,,,,,,,,,,,,,,,,,,,,,,0.5,,,,,,,,,,,,0.05,,,,,,,,,,,,0.25,,
FORT,gentoo penguin,,,,,,,,,,,,,,,,,,,,,,,,,,,,,,,,,,,,,,,,,0.05,,,,,,,,,,,,0.1,,
FRAE,adelie penguin,,,,,,,,,,,,,,,,,,,,,,,,,,,,0.1,,,0.1,,0.1,0.1,0.1,,,,,0.1,,,0.1,0.1,,,0.1,0.1,,,,0.1,,,
FRAM,adelie penguin,,,,,,,,,,,,,,,,,,,,,,,,,,,,,,,,,,,,,,,,0.05,,,,,,,,,,,,0.9,,,
FRAW,adelie penguin,,,,,,,,,,,,,,,,,,,,,,,0.1,,,,,0.1,0.1,,0.1,,0.1,0.1,0.1,,,,,,,,,,,,0.1,0.1,,,,0.9,,,
FRED,chinstrap penguin,,,,,,,,,,,,,,,,,,,,,,,,,0.5,,,,,,,,,,,,,,,,,,,,,,,,,,,,,,
FRPT,chinstrap penguin,,,,,,,,,,,,,,,,,,,,,,0.1,,,,,,,,,,,,,,,,,,,,,,,,,,,,,,,,,
FURS,chinstrap penguin,,,,,,,,,,,,,,,,,,0.5,,,,,,,,,,,,,,,,,,,,,,,,,,,,,,,,,,,,,
GALE,gentoo penguin,,,,,,,,,,,,,,,,,,,,,,,,,,,,,,,,,,,,,,,,,,,,,,,,,,0.05,,,,0.05,0.05
GALS,gentoo penguin,,,,,,,,,,,,,,,,,,,,,,,,,,,,,,,,,,,,,,,,,,,,,,,,,,,,,,0.05,
GAMP,chinstrap penguin,,,,,,,,,,,,,,,,,,,,,,0.1,,,,,,,,,,,,,,,,,,,,,,,,,,,,,,,,,
GAST,chinstrap penguin,,,,,,,,,,,,,,,0.05,,,,,,,,,,,,,0.5,,0.05,,,,,,,,,,,,,,,,,,,,,,0.05,,0.05,
GEDD,chinstrap penguin,,,,,,,,,,,,,,,,,,,,,,,,,0.5,,,,,,,,,,,,,,,,,,,,,,,,,,,,,,
GEOR,chinstrap penguin,,,,,,,,,,,,,,,,,,,,,,,,,0.5,,,0.5,,0.25,,,,0.05,,0.1,,0.05,0.05,0.05,,0.05,,,,0.05,0.05,0.05,0.05,0.05,0.05,0.05,0.05,0.05,0.05
GEOR,gentoo penguin,,,,,,,,,,,,,,,,,,,,,,,,,,,,,,0.05,,,,0.05,,0.1,,,,,,,,,,0.05,0.05,,0.9,0.05,0.05,0.05,0.05,0.05,0.05
GERD,adelie penguin,,,,,,,,,,,,,,,,,,,,,,,,,,,,,,,,,,,,,,,,,,,,,,,,,,,,0.9,,,
GERD,chinstrap penguin,,,,,,,,,,,,,,,,,,,,,,,,,0.5,,,,,,,,,,,,,,,,,,,,,,,,,,,,,,
GERL,adelie penguin,,,,,,,,,,,,,,,,,,,,,,,,,,0.05,,,,,,,,,,,,,,,,,,,,,,,,,,,,,
GERL,chinstrap penguin,,,,,,,,,,,,,,,,,,,,,,,,,,0.9,,,,,,,,,,,,,,,,,,,,,,,,,,,,,
GERL,gentoo penguin,,,,,,,,,,,,,,,,,,,,,,,,,,0.05,,,,,,,,,,,,,,,,,,,,,,,,,,,,,
GIBA,chinstrap penguin,,,,,,,,,,,,,,,,,,,,,,,,,0.5,,,,,,,,,,,,,,,,,,,,,,,,,,,,,,
GING,adelie penguin,,,,,,,,,,,,,,,,,,,,,,,,,,,,,,,,,,,,,,,,,,,,,,,,,,,,0.9,,,
GLAN,gentoo penguin,,,,,,,,,,,,,,,,,,,,,,,,0.05,,,,,,,,,,,,,,,,,,,,,,,,0.9,0.5,0.05,,0.1,,0.05,
GNEY,adelie penguin,,,,,,,,,,,,,,,,,,,,,,,,,,,,,,,,,,,,,,,,,,,,,,,,,,,,0.9,,,
GOLF,chinstrap penguin,,,,,,,,,,,,,,0.5,,,,,,,,,,,,,,,,,,,,,,,,,,,,,,,,,,,,,,,,,
GOPT,adelie penguin,,,,,,,,,,,,,,,,,,,,0.05,,,,,,,,,,,,,,,,,,,,,,,,,,,,,,,,0.9,,,
GOPT,chinstrap penguin,,,,,,,,,,,,,,,,,,,,0.05,,,,,,,,,,,,,,,,,,,,,,,,,,,,,,,,,,,
GOSL,chinstrap penguin,,,,,,,,,,,,,,,,,,,,,,,,,0.25,,,,,,,,,,,,,,,,,,,,,,,,,,,,,,
GOSL,gentoo penguin,,,,,,,,,,,,,,,,,,,,,,,,,0.05,,,,,,,,,,,,,,,,,,,,,,,,,,,,,,
GOUR,adelie penguin,,,,,,,,,,,,,,,,,,,,,,,,,,,,,,,,,,,,,,,,0.1,,,,,,,,,,,,,,,
GOUR,chinstrap penguin,,,,,,,,,,,,,,,,,,,,,,,,,,,,,,,,,,,,,,,,,,,,,,,,,,,,,,,
GOUR,gentoo penguin,,,,,,,,,,,,,,,,,,,,,,,,,,,,,,,,,,,,,,,0.05,,,,,,,,,,,,,,,,
GOWC,chinstrap penguin,,,,,,,,,,,,,,,,,,,,,,,,,0.5,,,,,,,,,,,,,,,,,,,,,,,,,,,,,,
GRAP,adelie penguin,,,,,,,,,,,,,,,,,,,,,,,,,0.9,,,,,,,,,,0.25,,,,,,,,,,,0.25,,,,,,,,,
GRAP,chinstrap penguin,,,,,,,,,,,,,,,,,,,,,,,,,,,,,,,,,,,,,,,,,,,,,,,,,,,,,,,
GREE,chinstrap penguin,,,,,,,,,,,,,,0.25,,,,,,,,,,,,,,,,,,,,,,,,,,,,,,,,,,,,,,,,,
GREE,gentoo penguin,,,,,,,,,,,,,,0.25,,,,,,,,,,,,,,,,,,,,,,,,,,,,,,,,,,,,,,,,,
GREI,adelie penguin,,,,,,,,,,,,,,,,,,,,,,,,,,,,,,,,,,,,,,,,,,,,,,,,,,,,,,0.05,
GREI,chinstrap penguin,,,,,,,,,,,,,,,,,,,,,,,,,,,,,,,,,,,,,,,,,,,,,,,,,,,,,,0.05,
GREY,chinstrap penguin,,,,,,,,,,,,,,,,,,,,,,,,,0.25,,,,,,,,,,,,,,,,,,,,,,,,,,,,,,
GRIB,chinstrap penguin,,,,,,,,,,,,,,0.25,,,,,,,,,,,,,,,,,,,,,,,,,,,,,,,,,,,,,,,,,
GRIB,gentoo penguin,,,,,,,,,,,,,,0.25,,,,,,,,,,,,,,,,,,,,,,,,,,,,,,,,,,,,,,,,,
GRIN,chinstrap penguin,,,,,,,,,,,,,,,,,,,,,,,,,,,0.9,,,,,,,,,,,,,,,,,,,,,,,,,,,,
HALF,chinstrap penguin,,,,,,,,,,,,,,,,,,,,,,,,,,,,,0.05,,,0.05,,,,,,0.05,,0.05,,,,,,,,,0.05,0.05,,0.05,0.05,0.05,0.05
HANN,adelie penguin,,,,,,,,,,,,,,,,,,,,,,,,,,,,,0.05,,,,,,,,0.05,,,,,,,,,,,,,,,,,,
HANN,chinstrap penguin,,,,,,,,,,,,,,,,,,,,,,,,,,,,,,,,,,,,0.05,0.05,0.05,0.05,,0.05,,,,,0.05,,,,,,0.05,,,0.05
HANN,gentoo penguin,,,,,,,,,,,,,,,,,,,,,,,,,,,,,0.05,,,,,,,,,0.05,0.05,,,,,,,0.05,,,,,,,,,
HANS,adelie penguin,,,,,,,,,,,,,,,,,,,,,,,,,,,,,,,,,,,,,,,,,,,,,0.25,0.25,,,,,,,0.9,,
HANS,chinstrap penguin,,,,,,,,,,,,,,,,,,,,,,,,,,,,,,,,,,,,,,,,,,,,,0.25,,,,,,,,,,
HARM,chinstrap penguin,,,,,,,,,,,,,,,0.5,,,,,,,,,,,,,,,0.1,,,,,,,0.1,,,,,,,,,,,,,,,,,,
HARM,gentoo penguin,,,,,,,,,,,,,,,,,,,,,,,,,,,,,,0.05,,,,,,,0.05,,,,,,,,,,,,,,,,,,
HASW,adelie penguin,,,,,,,,,,,,,,,,,,,,,,,,,,,,,,,,,,,,,,,,,,,,,,,,,,,,,0.9,,
HBAY,adelie penguin,,,,,,,,,,,,,,,,,,,,,,,,,,,,,,,,,,,,,,,,,,,,,,,,,,,,,0.9,,
HENN,chinstrap penguin,,,,,,,,,,,,,,,,,,,,,,,,,,,,,,,,,,,,,,,,,,,,,,,,,,,,,,,
HENR,adelie penguin,,,,,,,,,,,,,,,,,,,,,,,,,,,,,,,,,,,,,,,,,,,,,,,,,,,0.9,,,,
HERO,adelie penguin,,,,,,,,,,,,,,,,,,,,,,,,,,,,,,,,,,,,,,0.1,,,,,,,,,,,,,,,,,
HERO,gentoo penguin,,,,,,,,,,,,,,,,,,,,,,,,,,,,,,,,,,,,,,0.05,,,,,,,,,,,,,,,,,
HEYW,chinstrap penguin,,,,,,,,,,,0.5,,,,,,,,,,,,,,,,,,,,,,,,,,,,,,,,,,,,,,,,,,,,
HINO,adelie penguin,,,,,,,,,,,,,,,,,,,,,,,,,,,,,,,,,,,,,,,,,,,,,,,,,,0.9,,,,,
HOLD,adelie penguin,,,,,,,,,,,,,,,,,,,,,,,,,0.5,,,,,,,,,,,,,,,,,,,,,,,,,,,,,0.05,
HOLL,adelie penguin,,,,,,,,,,,,,,,,,,,,,,,,,,,,,,,0.1,,,,,,,,,,,,,,,,,,,,,0.9,,,
HOPE,adelie penguin,,,,,,,,,,,,,,,,,,,,,0.05,,,,,,0.05,,,,,,,,,,,,,,,,,,,,,,,,,,,,
HOPE,gentoo penguin,,,,,,,,,,,,,,,,,,,,,,,,,,,,,,,,,,,,,,,,,,,,,,,,,,,,,,,
HPSW,chinstrap penguin,,,,,,,,,,,,,,,,,,,,,,,,,,,,,,,,,,,,,,,,,,,,,,,,,,,,,0.05,,
HUMB,adelie penguin,,,,,,,,,,,,,,,,,,,,,0.05,0.05,,,0.05,0.05,0.05,0.05,,,,,,,,,,,,,,,,,,,,,,,,,0.05,,
HUMB,chinstrap penguin,,,,,,,,,,,,,,,,,,,,,,,,,,,0.05,,,,,,,,,,,,,,,,,,,,,,,,,,,,
HUMM,chinstrap penguin,,,,,,,,,,,,,,,,,,,,,,,,,,,0.9,,,,,,,,,,,,,,,,,,,,,,,,,,,,
HUMP,gentoo penguin,,,,,,,,,,,,,,,,,,,,,,,,0.05,,,,,,,,,,,,,,,,,,,,,,,,0.9,0.9,0.25,,0.1,,0.05,
HUNT,chinstrap penguin,,,,,,,,,,,,,,,,,,,,,,,,,,,,0.5,,,,,,,,,,,,,,,,,,,,,,,,,,,
HURE,gentoo penguin,,,,,,,,,,,,,,,,,,,,,,,,,,,,,0.25,,,,,,,,,,,,,,,,,,,,,,,,,,
HURW,gentoo penguin,,,,,,,,,,,,,,,,,,,,,,,,,,,,,0.5,,,,,,,,,,,,,,,,,,,,,,,0.05,,,
HUTB,chinstrap penguin,,,,,,,,,,,,,,0.25,,,,,,,,,,,,,,,,,,,,,,,,,,,,,,,,,,,,,,,,,
HUTB,gentoo penguin,,,,,,,,,,,,,,0.05,,,,,,,,,,,,,,,,,,,,,,,,,,,,,,,,,,,,,,,,,
HYDR,chinstrap penguin,,,,,,,,,,,,,,,,,,,,,,,,,,,0.9,,,,,,,,,,,0.05,,,,0.05,,0.05,,,,,,0.05,,,,,
IFOI,adelie penguin,,,,,,,,,,,,,,,,,,,,,,,,,,,,,,,,,,,,,,,,0.05,,,,,,,,,,,,,,,
INAC,chinstrap penguin,,,,,,,,,,,,,,,,,,,,,,,,,,,,0.5,,,,,,,,,,,,,,,,,,,,,,,,,,,
INEX,adelie penguin,,,,,,,,,,,,,,,,,,,,,,,,,,0.1,,0.1,0.1,,0.1,,0.1,0.1,0.1,,,,,0.1,,,0.1,0.1,,,0.1,0.1,,,,0.9,,,0.1
INTE,chinstrap penguin,,,,,,,,,,,,,,,,,,,,,,,,,,,0.9,,,,,,,,,,,,,,,,,,,,,,,,,,,,
IOLB,chinstrap penguin,,,,,,,,,,,,,,,,,,,,,,0.1,,,,,,,,,,,,,,,,,,,,,,,,,,,,,,,,,
JACO,chinstrap penguin,,,,,,,,,,,,,,0.25,,,,,,,,,,,,,,,,,,,,,,,,,,,,,,,,,,,,,,,,,
JACP,chinstrap penguin,,,,,,,,,,,,,,,,,,,,,,,,,,,,,,,,,,,,,,,,,,,,,,,,,,,,0.05,,0.05,
JADE,gentoo penguin,,,,,,,,,,,,,,,,,,,,,,,,,,,,,,,,,,,,,,,,,,,0.05,,,,,,,,,,,,
JANE,adelie penguin,,,,,,,,,,,,,,,,,,,,,,,,,,,,,,,,,,,,,,,,,,,,,,,,,,,,0.9,,,
JAQU,chinstrap penguin,,,,,,,,,,,,,,,,,,,,,,,,,,,,,,,,0.5,,,,,,,,,,,,,,,,,,,,,,,
JING,adelie penguin,,,,,,,,,,,,,,,,,,,,,,,,,,,,,,,,,,,,,,,,,,,,,,,,,,,,,,0.05,
JING,chinstrap penguin,,,,,,,,,,,,,,,,,,,,,,,,,0.05,,,,,,,,,,,,,,,,,,,,,,,,,,,,,0.05,
JOHN,gentoo penguin,,,,,,,,,,,,,,,,,,,,,,,,,,,,,0.05,,,,,,,,,,,,,,,,,,,,,,,,,,
JONA,gentoo penguin,,,,,,,,,,,,,,,,,,,,,,,,,,,,,,,,,,,,,0.25,,,,,,0.25,,,,,,,,,,,,
JONE,adelie penguin,,,,,,,,,,,,,,,,,,,,,,,,,,0.1,0.1,,0.1,0.1,,0.1,0.1,,,,,,,0.1,,,,,,,,,,,,0.9,,,0.1
JORG,chinstrap penguin,,,,,,,,,,,,,,,,,,,,,,,,,,,,,,,,,,,,,,,,,0.5,,,,,,,,,,,,,,
JOUB,adelie penguin,,,,,,,,,,,,,,,,,,,,,,,,,0.05,,0.05,,,,,0.5,,,,,,,,,,,,,,,,,,,,,,,
JOUB,chinstrap penguin,,,,,,,,,,,,,,,,,,,,,,,,0.05,0.05,0.05,,,,,,,,,,,,,,,,,,,,,,,,,,,,,
JOUB,gentoo penguin,,,,,,,,,,,,,,,,0.05,,,,,,,,0.05,0.05,0.05,,,,,,0.05,,,,,,,,,,,,,,,,,,,,,,,
JOUG,gentoo penguin,,,,,,,,,,,,,,,,,,,,,,,,0.05,0.05,,,,,0.05,,,,,,,,0.05,0.05,0.05,0.05,0.1,0.05,0.05,0.05,0.05,0.05,0.05,0.05,0.05,0.05,0.05,0.05,0.05,0.05
JUAN,chinstrap penguin,,,,,,,,,,,,,,,,,,,,,,,,,,,,,,,,,,,,,,,,,,,,,,,,,,,,,,,
JULE,adelie penguin,,,,,,,,,,,,,,,,,,,,,,,,,,,,,,,,,,,,,,,0.1,,,,,,,,,,,,,0.9,,,
KATE,chinstrap penguin,,,,,,,,,,,,,,,,,,,,,,,,,0.9,,,,,,,,,,,,,,,,,,,,,,,,,,,,,,
KAYR,chinstrap penguin,,,,,,,,,,,,,,,,,,,,,,,,,,,,,,,,,,,,,,,0.1,,,,,,,,,,,,,0.05,,,
KELL,chinstrap penguin,,,,,,,,,,,,,,,,,,,,,,0.1,,,,,,,,,,,,,,,,,,,,,,,,,,,,,,,,,
KETL,chinstrap penguin,,,,,,,,,,,,,,,,,,,,,,,,,0.5,,,,,,,,,,,,,,,,,,,,,,,,,,,,,,
KETL,gentoo penguin,,,,,,,,,,,,,,,,,,,,,,,,,,,0.9,,,,,,,,,,,,,,,,,,,,,,,,,,,,
KIDS,adelie penguin,,,,,,,,,,,,,,,,,,,,,,,,,,,,,,0.5,,,,,,,,,,,,,,,,,,,,,,0.9,,,
KING,adelie penguin,,,,,,,,,,,,,,,,,,,,,,,,,,,,,,,,,,,,,,,,,,,,,,,,,,,,0.9,,,
KIRB,adelie penguin,,,,,,,,,,,,,,,,,,,,,,,,,,,,,,,,,,,,,,,,,,,,,,,,,,,,,0.9,,
KIRT,adelie penguin,,,,,,,,,,,,,,,,,,,,,,,,,,,,,,,,,,,,,,,,,,,,,,,,0.9,,,,,,,
KJEL,chinstrap penguin,,,,,,,,,,,,,,,,,,,,,,,,,,,,0.9,,,,,,,,,,,,,,,,,,,,,,,,,,,
KNOB,adelie penguin,,,,,,,,,0.25,,,,,,,,,,,,,,,,,,,,,,,,,,,,,,,,,,,,,,,,,,,,,,
KNOB,gentoo penguin,,,,,,,,,0.5,,,,,,,,,,,,,,,,,,,,,,,,,,,,,,,,,,,,,,,,,,,,,,
KUNO,adelie penguin,,,,,,,,,,,,,,,,,,,,,,,,,,,,,,,,,,,,,,,,,,,,,,,,,,,,,,0.05,
KUZI,adelie penguin,,,,,,,,,,,,,,,,,,,,,,,,,,,,,,,,,,,,,,,,,,,,,,,,,,,0.05,,,,
LAJA,chinstrap penguin,,,,,,,,,,,,,,,,,,,,,,,,,,,,,,,,0.5,,,,,,,,,,,,,,,,,,,,,,,
LAKT,adelie penguin,,,,,,,,,,,,,,,,,,,,,,,,,,,,,,,,,,,,,,,,,,,,,,,,,,,,,,0.05,
LARS,chinstrap penguin,,,,,,,,,,,,,,,,,,,,,,,,,0.9,,,,,,,,,,,,,,,,,,,,,,,,,,,,,,
LAUF,adelie penguin,,,,,,,,,,,,,,,,,,,,,,,,,0.25,,,,,,,,,,,,,,,,,,,,,,,,,,0.05,,,,
LAUT,gentoo penguin,,,,,,,,,,,,,,,,,,,,,,,,,,,,,,,,,,,,,,,,,,,,,,,,,,,,0.05,,,
LAVO,adelie penguin,,,,,,,,,,,,,,,,,,,,,,,,,,,,0.9,,,,,,,,,,,,,,,,,,,,,,,,,,0.05,
LEGU,gentoo penguin,,,,,,,,,,,,,,,,,,,,,,,,,,,,,,,,0.05,,,,,,,,,,,,,,,,,,,,,,,
LEPP,chinstrap penguin,,,,,,,,,,,,,,,,,,,,,,0.1,,,,,,,,,,,,,,,,,,,,,,,,,,,,,,,,,
LEWI,adelie penguin,,,,,,,,0.1,,,,,,,,,,,,,,,,,,,,,,,,,,,,,,,,,,,,,,,,,,,0.9,,,,
LION,adelie penguin,,,,,,,,,,,,,,,,,,,,,,0.05,0.05,,,,,,,,,,,,,0.05,0.05,0.05,,,,,,,,,,,,0.05,0.05,0.05,,,
LION,chinstrap penguin,,,,,,,,,,,,,,,,,,,,,,0.05,0.05,,,,,,,,,,,,,0.05,0.05,0.05,,,,,,,,,,,,0.05,0.05,0.05,,,
LION,gentoo penguin,,,,,,,,,,,,,,,,,,,,,,0.05,0.05,,,,,,,,,,,,,0.05,0.05,0.05,,,,,,,,,,,,0.05,0.05,0.05,,,
LITC,adelie penguin,,,,,,,,,,,,,,,,,,,,,0.05,0.05,,,0.05,0.05,0.05,0.05,0.05,,0.05,0.05,0.05,0.05,0.05,0.05,0.05,0.05,0.05,0.05,0.05,0.05,0.05,0.05,0.05,0.05,0.05,0.05,0.05,0.05,,,,,
LITW,chinstrap penguin,,,,,,,,,,,,,,,,,,,,,,0.05,,,,,,,,,,,,,,,,,,,,,,,,,,,,,,,,,
LLAN,adelie penguin,,,,,,,,,,,,,,,,,,,,,0.1,0.1,0.05,0.05,0.05,0.05,0.1,0.05,0.05,0.05,0.05,0.1,0.1,0.05,0.05,0.05,0.05,0.1,0.05,0.05,0.05,0.05,0.05,0.05,0.05,0.05,,,,,0.05,0.05,,,0.05
LLAN,chinstrap penguin,,,,,,,,,,,,,,,,,,,,,0.05,0.05,0.05,0.05,,0.05,0.05,0.05,,0.05,0.05,0.05,,0.05,,0.05,0.05,0.05,,,,,,,,,,,,,,,,,
LLAN,gentoo penguin,,,,,,,,,,,,,,,,,,,,,0.1,0.05,0.05,0.05,,0.05,0.05,0.05,0.05,0.05,0.05,0.1,0.1,0.05,0.05,0.05,0.05,0.05,0.05,0.05,0.05,0.05,0.05,0.05,0.05,0.05,,,,,0.05,0.05,,,0.05
LLOY,chinstrap penguin,,,,,,,,,,,,,,,,,,0.5,,,,,,,,,,,,,,,,,,,,,,,,,,,,,,,,,,,,,
LOBO,chinstrap penguin,,,,,,,,,,,,,,,,,,,,,,,,,,,0.05,,,,,,,,,,,,,,,,,,,,,,,,,,,,
LOCK,gentoo penguin,,,,,,,,,,,,,,,,,,,,,,,,,,,,,,,,,,,,,,,,,,,,,,,,,,,0.05,0.05,0.05,0.05,0.05
LONG,adelie penguin,,,,,,,,,,,,,,,,,,,,,,,0.05,,,,,,,,,,,,,,,,,,,,,,,,,,,,,,0.9,,
LOOK,chinstrap penguin,,,,,,,,,,,,,,,,,,,,,,,,,,,,,,,,,,,,,,,,,,,,,,,,,,,,0.05,,,
LOOK,gentoo penguin,,,,,,,,,,,,,,,,,,,,,,,,,,,,,,,,,,,,,,,,,,,,,,,,,,,,,,0.05,
LOUB,gentoo penguin,,,,,,,,,,,,,,,,,,,,,,,,0.05,,,,,,,,,,,,,,,,,,,,,,,,0.9,0.9,0.05,,,,0.05,
LOVI,adelie penguin,,,,,,,,,,,,,,,,,,,,,,,,,0.25,,,,,,,,,,,,,,,,,,,,,,,,,,0.9,,,,
LSAY,adelie penguin,,,,,,,,,,,,,,,,,,,,,,,,,,,,,,,,,,,,,,,,,,,,,,,,,,,,0.9,,,
MABE,chinstrap penguin,,,,,,,,,,,,,,,,,,,,,,,,,0.9,,,,,,,,,,,,,,,,,,,,,,,,,,,,,,
MACK,adelie penguin,,,,,,,,,,,,,,,,,,,,,,,,,,,,,,,,,,,,,,,,,,,,,,,,,,,,0.9,,,
MACO,chinstrap penguin,,,,,,,,,,,,,,,,,,,,,,,,,0.5,,,,,,,,,,,,,,,,,,,,,,,,,,,,,,
MADD,adelie penguin,,,,,,,,,,,,,,,,,,,,,,,,,,,,,,,,,,,,,,,,,,,,,,,,,,,,,0.9,,
MADD,gentoo penguin,,,,,,,,,,,,,,,,,,,,,,,,,,,,,,,,,,,,,,,,,,,,,,0.05,,,,,,,,,
MADI,adelie penguin,,,,,,,,,,,,,,,,,,,,,,,,,,,,,,,,,,,,,,,,,,,,,,,,,,,0.05,,,,
MADI,gentoo penguin,,,,,,,,,,,,,,,,,,,,,,,,,,,,,,,,,,,,,,,,,,,,,,,,,,,0.05,,,,
MAHE,adelie penguin,,,,,,,,,,,,,,,,,,,,,,,,,0.25,,,,,,,,,,,,,,,,,,,,,,,,,,,0.9,,,
MALL,adelie penguin,,,,,,,,,,,,,,,,,,,,,,,,,,,,,,,,,,,,,,,,,,,,,,,,,,,0.9,,,,
MAND,adelie penguin,,,,,,,,,,,,,,,,,,,,,,,,,,,,,0.1,0.1,,,0.1,,0.1,,,,,0.1,,,,,,,,0.1,,,,,,,0.1
MANS,chinstrap penguin,,,,,,,,,,,,,,,,,,,,,,,,,0.5,,,,,,,,,,,,,,,,,,,,,,,,,,,,,,
MARR,chinstrap penguin,,,,,,,,,,,,,,,,,,,,,,,,,0.5,,,,,,,,,,,,,,,,,,,,,,,,,,,,,,
MART,adelie penguin,,,,,,,,,,,,,,,,,,,,,,,,,0.5,,,,,,,,,,0.1,,,,,,,,,,,0.1,,,,,,,,,
MART,chinstrap penguin,,,,,,,,,,,,,,,,,,,,,,,,,0.9,,,,,,,,,,,,,,,,,,,,,,,,,,,,,,
MART,gentoo penguin,,,,,,,,,,,,,,,,,,,,,,,,,,,,,,,,,,,,,,,,,,,,,,,,,,,,,,,
MATH,chinstrap penguin,,,,,,,,,,,,,,,,,,,,,,,,,0.5,,,,,,,,,,,,,,,,,,,,,,,,,,,,,,
MAWS,adelie penguin,,,,,,,,,,,,,,,,,,,,,,,,,,,,,,,,,,,,,,,,,,,,,,,,,,,,0.9,,,
MBIS,adelie penguin,,,,,,,,,,,,,,,,,,,,,,,,,,,0.9,,,,,,,,,,,,,,,,,,,,,,,,,0.9,,,
MCDO,adelie penguin,,,,,,,,,,,,,,,,,,,,,,,,,,,,,,,,,,,,,,,,,,,,,,,,,,,0.9,,,,
MEGA,chinstrap penguin,,,,,,,,,,,,,,,,,,,,,,,,,,,,0.5,,,,,,,,,,,,,,,,,,,,,,,,,,,
MEIE,chinstrap penguin,,,,,,,,,,,,,,,,,,,,,,,,,,,,,,,,,,,,,,,,,,,,,,,,,,,,,,,
MERR,adelie penguin,,,,,,,,,,,,,,,,,,,,,,,,,,,,,,,,,,,,,,,,,,,,,,,,,0.9,,,,,,
METC,chinstrap penguin,,,,,,,,,,,,,,,,,,,,,,,,,0.9,,,,,,,,,,,,,,,,,,,,,,,,,,,,,,
METH,chinstrap penguin,,,,,,,,,,,,,,,,,,,,,,,,,0.5,,,,,,,,,,,,,,,,,,,,,,,,,,,,,,
MGLE,adelie penguin,,,,,,,,,,,,,,,,,,,,,,,,,,,,,,,,,,,,,,,,,,,,,,,,,,,0.9,,,,
MICH,chinstrap penguin,,,,,,,,,,,,,,,,,,,,,,,,,0.25,,,,,,,,,,,,,,,,,,,,,,,,,,,,,,
MIDA,chinstrap penguin,,,,,,,,,,,,,,,0.05,,,,,,,,,,,,,0.5,,,,,,,,,,,0.1,,,,,,,,,,,,,0.5,,,
MIDG,adelie penguin,,,,,,,,,,,,,,,,,,,,,,,,,,,,,,,0.1,,,,,,,,,,,,,,,,,,,,,0.9,,,
MIER,chinstrap penguin,,,,,,,,,,,,,,,,,,,,,,,,,,,,0.25,,,,,,,,,,,,,,,,,,,,,,,,0.05,,,
MIKK,gentoo penguin,,,,,,,,,,,,,,,,,,,,,,,,,0.5,,,,,,,,,,,,0.05,,,,,,,,,,,,0.05,,,0.05,,0.05,0.05
MLGE,chinstrap penguin,,,,,,,,,,,,,,,,,,,,0.05,,,,,,,,,,,,,,,,,,,,,,,,,,,,,,,,,,,
MONR,chinstrap penguin,,,,,,,,,,,,,,,,,,,,,,,,,,,,,,,,,,,,,,,,,,,,,,,,,,,,,,,
MONU,chinstrap penguin,,,,,,,,,,,,,,,,,,,,,,,,,0.5,,,,,,,,,,,,,,,,,,,,,,,,,,,,,,
MOOT,gentoo penguin,,,,,,,,,,,,,,,,,,,,,,,,,,,,,,,,,,,,,,,,,,,,,,,0.05,0.05,,0.05,0.05,0.05,,0.05,0.05
MORE,chinstrap penguin,,,,,,,,,,,,,,,,,,,,,,,,,0.9,,,,,,,,,,,,,,,,,,,,,,,,,,,,,,
MOSS,chinstrap penguin,,,,,,,,,,,,,,,,,,,,,,,,,0.9,,,,,,,,,,,,,,,,,,,,,,,,,,,,,,
MPNC,chinstrap penguin,,,,,,,,,,,,,,,,,,,,,,,,,0.9,,,,,,,,,,,,,,,,,,,,,,,,,,,,,,
MPTE,chinstrap penguin,,,,,,,,,,,,,,,,,,,,,,,,,,,,,,,,,,,,,,,,,,,,,,,,,,,,,0.1,,
MPTW,chinstrap penguin,,,,,,,,,,,,,,,,,,,,,,,,,,,,,,,,,,,,,,,,,,,,,,,,,,,,,0.05,,
MRII,adelie penguin,,,,,,,,,,,,,,,,,,,,,,,,,,,,,,,,,,,,,,0.05,,,,,,,,,,,,,0.9,,,,
MUCK,chinstrap penguin,,,,,,,,,,,,,,0.25,,,,,,,,,,,,,,,,,,,,,,,,,,,,,,,,,,,,,,,,,
MUCK,gentoo penguin,,,,,,,,,,,,,,0.5,,,,,,,,,,,,,,,,,,,,,,,,,,,,,,,,,,,,,,,,,
MURR,chinstrap penguin,,,,,,,,,,,,,,,,,,,,,,,,,0.5,,,,,,,,,,,,,,,,,,,,,,,,,,,,,,
MYAL,adelie penguin,,,,,,,,,,,,,,,,,,,,,,,,,,,,,,,,,,,,,,,,,,,,,,,,,,,,0.9,,,
NANC,chinstrap penguin,,,,,,,,,,,,,,,,,,,,,,,,,,,,,,,,,,,,,,,,,,,,,,,,,,,,,,,
NCAP,adelie penguin,,,,,,,,,0.25,,,,,,,,,,,,,,,,,,,,,,,,,,,,,,,,,,,,,,,,,,,,,,
NCOI,chinstrap penguin,,,,,,,,,,,,,,,,,,,,,,,,,,,,,0.25,,,,,,,,,,,,,,,,,,,,,,,,,,
NEIS,adelie penguin,,,,,,,,,,,,,,,,,,,,,,,,,,,,,,,0.1,,,,,,,,,,,,,,,,,,,,,0.9,,,
NEKO,gentoo penguin,,,,,,,,,,,,,,,,,,,,,,,,,,,,,,,,,,,,,,,,,0.05,,,0.05,0.05,0.05,0.05,0.1,0.05,0.05,0.05,0.05,0.05,0.05,0.05
NELL,adelie penguin,,,,,,,,,,,,,,,,,,,,,,,,,,,0.1,,,,,,,,,,,,,,,,,,,,,,,,,0.9,,,
NEPT,chinstrap penguin,,,,,,,,,,,,,,0.25,,,,,,,,,,,,,,,,,,,,,,,,,,,,,,,,,,,,,,,,,
NFOR,chinstrap penguin,,,,,,,,,,,,,,,,,,,,,,0.1,,,,,,,,,,,,,,,,,,,,,,,,,,,,,,,,,
NIGG,chinstrap penguin,,,,,,,,,,,,,,,,,,,,,,,,,,,,,,,,,,,,,,,,,,,,,,,,,,,,,,,
NOBL,gentoo penguin,,,,,,,,,,,,,,,,,,,,,,,,,,,,,,,,,,,,,,,,,,,,,,,,,,,,0.05,,,
NOKK,adelie penguin,,,,,,,,,,,,,,,,,,,,,,,,,,,,,,,,,,,,,,,,,,,,,,,,,,,0.9,,,,
NOPT,adelie penguin,,,,,,,,,,,,,,,,,,,,0.1,,,,,,,,,,,,,,,,,,,,,,,,,,,,,,,,0.9,,,
NOPT,chinstrap penguin,,,,,,,,,,,,,,,,,,,,0.05,,,,,,,,,,,,,,,,,,,,,,,,,,,,,,,,,,,
NOPT,gentoo penguin,,,,,,,,,,,,,,,,,,,,,,,,,,,,,,,,,,,,,,0.05,0.05,,,,,,,,,,,,,,,,
NORF,adelie penguin,,,,,,,,,,,,,,,,,,,,,,,,,,0.1,,0.1,0.1,,0.1,,0.1,0.1,0.1,,,0.1,,0.1,,,0.1,0.1,,,0.1,0.1,,,,,,,0.1
NORW,chinstrap penguin,,,,,,,,,,,,,,,,,,,,,,,,,0.5,,,,,,,,,,,,,,,,,,,,,,,,,,,,,,
NUTT,adelie penguin,,,,,,,,,,,,,,,,,,,,,,,,,,,,,,,,,,,,,,,,,,,,,,,,,,,,0.9,,,
OBRI,chinstrap penguin,,,,,,,,,,,,,,,,,,0.5,,,,,,,,,,,,,,,,,,,,,,,,,,,,,,,,,,,,,
ODBE,adelie penguin,,,,,,,,,,,,,,,,,,,,,,,,,,,,,,,0.1,,,,,,,,,,,,,,,,,,,,,0.9,,,
OLIC,chinstrap penguin,,,,,,,,,,,,,,,,,,,,,0.05,,,,,,,,,,,,,,,,,,,,,,,,,,,,,,,,,,
OMGA,adelie penguin,,,,,,,,,,,,,,,,,,,,,,,,,,,,,,,,,,,,,,,,,,,,,,,,,,,,,,0.05,
ONEI,gentoo penguin,,,,,,,,,,,,,,,,,,,,,,,,,,,,,0.05,,,,,,,,,,,,,,,,,,,,,,,0.05,,,0.05
ORNE,chinstrap penguin,,,,,,,,,,,,,,,,,,,,,,,,,0.5,,,0.25,,,,,,0.05,,0.1,0.05,0.05,0.05,0.05,0.05,0.05,0.05,0.05,,,0.05,,0.05,0.05,0.05,0.05,,0.05,0.05
ORNE,gentoo penguin,,,,,,,,,,,,,,,,,,,,,,,,,,,,,,,,,,,,,,,,,0.05,,,,,,0.5,,0.05,0.05,,0.25,,0.05,0.05
ORRO,chinstrap penguin,,,,,,,,,,,,0.25,,,,,,,,,,,,,,,,,,,,,,,,,,,,,,,,,,,,,,,,,,,
OUTE,adelie penguin,,,,,,,,,,,,,,,,,,,,,,,,,,,,,,,,,,,,,,,,,,,,,,,,,,,,0.9,,,
OWEN,chinstrap penguin,,,,,,,,,,,,,,,,,,,,,,0.1,,,,,,,,,,,,,,,,,,,,,,,,,,,,,,,,,
PABE,gentoo penguin,,,,,,,,,,,,,,,,,,,,,,,,,,,,,,,,,,,,,,,,,,,,,,,,0.05,,,,,,,
PAGE,adelie penguin,,,,,,,,,,,,,,,,,,,,0.05,,,,,,,,,,,,,,,,,,,,,,,,,,,,,,,,0.9,,,
PAGE,chinstrap penguin,,,,,,,,,,,,,,,,,,,,0.05,,,,,,,,,,,,,,,,,,,,,,,,,,,,,,,,,,,
PALA,chinstrap penguin,,,,,,,,,,,,,,,,,,,,,,,,,,,,,,,,,,,,,,,,,,,,,,,,,,,,,0.25,,
PAND,chinstrap penguin,,,,,,,,,,,,,,,,,,,,,,,,,,,,,,,,,,,,,,,,,,,,,,,,,,,0.05,,,,
PANT,adelie penguin,,,,,,,,,,,,,,,,,,,,0.05,,,,,,,,,,,,,,,,,,,,,,,,,,,,,,,,0.9,,,
PANT,chinstrap penguin,,,,,,,,,,,,,,,,,,,,0.05,,,,,,,,,,,,,,,,,,,,,,,,,,,,,,,,,,,
PAPT,chinstrap penguin,,,,,,,,,,,,,,,,,,,,,0.1,0.1,0.1,,,,,,,0.1,0.1,0.1,,0.1,,0.1,0.1,0.1,,,,,,,,,,,,,,,,,
PATE,adelie penguin,,,,,,,,,0.9,,,,,,,,,,,,,,,,,,,,,,,,,,,,,,,,,,,,,,,,,,,,,,
PATE,gentoo penguin,,,,,,,,,0.5,,,,,,,,,,,,,,,,,,,,,,,,,,,,,,,,,,,,,,,,,,,,,,
PAUL,adelie penguin,,,,,,,,,,,,,,,,,,,,,,,,,,0.1,,,,,,,,,,,,,,,0.5,,,,,,,,,,,0.9,,,
PCHA,adelie penguin,,,,,,,,,,,,,,,,,,,,,,,,,,,,,,,,0.05,,,,,,,,,,0.05,0.05,,,,0.05,,0.05,0.05,0.05,0.05,,0.05,0.05
PCHA,chinstrap penguin,,,,,,,,,,,,,,,,,,,,,,,,,,,0.05,,,,,0.05,,,,,,,,,,0.05,0.05,,,,0.05,,0.05,0.05,0.05,0.05,,0.05,0.05
PCHA,gentoo penguin,,,,,,,,,,,,,,,,,,,,,,,,0.05,,,,,,,,,,,,,,,,,,0.25,,,,,0.05,,0.05,0.05,0.05,0.05,,0.05,0.05
PEIN,adelie penguin,,,,,,,,,,,,,,,,,,,,,,,,,,,,,,,,,,,,,,,,,,,,,,,,,,,,0.9,,,
PENG,adelie penguin,,,,,,,,,,,,,,,,,,,,,0.05,0.25,,,,,,,,,,,,,,,,0.1,0.05,,0.05,0.05,,,0.05,,,,,,,0.05,,,
PENG,chinstrap penguin,,,,,,,,,,,,,,,,,,,,,0.05,0.05,,,,,,,,,,,,,,,,,,,0.05,0.05,,,0.05,,,,,,,0.05,,0.25,
PEPO,adelie penguin,,,,,,,,,,,,,,,,,,,,,,,,,,,0.05,,,,,,,,,,,,,,,,,,,,,0.5,,,0.1,,,,
PETE,adelie penguin,,,,,,,,,,,,,,,,,,,,,,,,0.05,,,,,,0.25,,,,,,0.05,0.05,0.05,0.05,,,0.05,,0.05,0.05,0.05,0.05,0.05,0.05,0.05,0.05,0.05,,0.05,0.05
PETE,chinstrap penguin,,,,,,,,,,,,,,,,,,,,,,,,,,,,,,,,,,,,,,,,,,,,,,,,,,,,0.05,,0.05,
PETE,gentoo penguin,,,,,,,,,,,,,,,,,,,,,,,,0.05,,,,,,0.1,,,,,,,,,,,,,,,0.05,0.05,0.05,0.05,0.05,0.05,0.05,,,0.05,0.05
PGEO,adelie penguin,,,,,,,,,,,,,,,,,,,,,,,,,,,,,,,,,,,,,,,,0.05,,,,,,,,,,,,,,,
PHIL,adelie penguin,,,,,,,,,,,,,,,,,,,,,,,,,,,,,0.1,0.1,,0.1,0.1,,0.1,,,,,0.1,,,,,,,,,,,,0.9,,,0.1
PIGE,adelie penguin,,,,,,,,,,,,,,,,,,,,,,,,,,,,,,,,,,,,,,,,,,,,,,,,,,,,0.9,,,
PIIS,adelie penguin,,,,,,,,,,,,,,,,,,,,,,,,,,,,,,,,,,,,,,,,,,,,,,,,,,,,0.9,,,
PILL,chinstrap penguin,,,,,,,,,,,,,,,,,,0.9,,,,,,,,,,,,,,,,,,,,,,,,,,,,,,,,,,,,,
PING,chinstrap penguin,,,,,,,,,,,,,,,,,,,,,,,,,0.5,,,,,,,,,,,,,,0.1,,,,,,,,,,,,,0.05,,0.05,0.05
PIRI,chinstrap penguin,,,,,,,,,,,,,,,,,,,,,,,,,0.5,,,,,,,,,,,,,,,,,,,,,,,,,,,,,,
PISL,adelie penguin,,,,,,,,,,,,,,,,,,,,,,,,,,,,,,,0.1,,,,,,,,,,,,,,,,,,,,,0.9,,,
PKUP,chinstrap penguin,,,,,,,,,,,,,,0.25,,,,,,,,,,,,,,,,,,,,,,,,,,,,,,,,,,,,,,,,,
PLAT,adelie penguin,,,,,,,,,,,,,,,,,,,,,,,,,,,,,,,,,,,,,,,,,,,,,,,,,,,,0.9,,,
PLDR,chinstrap penguin,,,,,,,,,,,,,,0.25,,,,,,,,,,,,,,,,,,,,,,,,,,,,,,,,,,,,,,,,,
PLEN,gentoo penguin,,,,,,,,,,,,,,,,,,,,,,,,0.05,,,,,,,,,,,,,,,,,0.05,0.05,,0.05,0.05,0.05,,0.05,0.1,0.05,0.05,0.05,,0.05,0.05
PMAR,adelie penguin,,,,,,,,,,,,,,,,,,,,,,,,,,,,,,,,,,,,,,,0.1,,,,,,,,,,,,,0.9,,,
POPO,chinstrap penguin,,,,,,,,,,,,,,,,,,,,,,0.1,,,,,,,,,,,,,,,,,,,,,,,,,,,,,,,,,
PORT,chinstrap penguin,,,,,,,,,,,,,,,,,,,,,,,,,,,,,,,,,,,,,,,,,,,,,,,,,,,0.05,,,,
POSS,adelie penguin,,,,,,,,,,,,,,,,,,,,,,,,,0.1,,,0.1,,,,,,,,,,,,,,,,,,,,0.1,,,,0.9,,,0.1
POWE,chinstrap penguin,,,,,,,,,,,,,,,,,,,,,,,,,0.5,,,,,,,,,,,,,,,,,,,,,,,,,,,,,,
POWE,gentoo penguin,,,,,,,,,,,,,,,,,,,,,,,,,0.05,,,,,,,,,,,,,,,,,,,,,,,,,,,,,,
PPPT,adelie penguin,,,,,,,,,,,,,,,,,,,,,,,,,,,,,,,,,,,,,,,,,,,,,,,,0.9,,,,,,,
PPPT,chinstrap penguin,,,,,,,,,,,,,,,,,,0.25,,,,,,,,,,,,,,,,,,,,,,,,,,,,,,,,,,,,,
PRAE,chinstrap penguin,,,,,,,,,,,,,,,,,,,,,,,,,0.5,,,,,,,,,,,,,,,,,,,,,,,,,,,,,,
PRES,chinstrap penguin,,,,,,,,,,,,,,,,,,,,,,,,,,,,,,,,,,,,,,,,,,,,,,,0.05,,0.05,,,,0.05,,
PRIN,gentoo penguin,,,,,,,,,,,,,,,,,,,,,,,,,,,,0.5,,,,,,,,,,,,,,,,,,,,,,,,,,0.05,
PROC,adelie penguin,,,,,,,,,,,,,,,,,,,,,,,,,,,,,,,,,,,,,,,,,,,,,,,,,,,,0.9,,,
PTHO,adelie penguin,,,,,,,,,,,,,,,,,,,,,0.1,0.1,0.1,,,,,0.25,,0.1,0.1,0.1,0.1,0.1,,0.1,0.1,0.1,,,,,,,,,,,,,,0.05,,,0.05
PTHO,chinstrap penguin,,,,,,,,,,,,,,,,,,,,,0.1,0.1,0.1,,,,,,,0.1,0.1,0.1,,0.1,,0.1,0.1,0.1,,,,,,,,,,,,,,,,,
PTHO,gentoo penguin,,,,,,,,,,,,,,,,,,,,,0.1,0.1,0.1,,,,,,,0.05,0.25,0.1,0.1,0.1,,0.1,0.1,,,,,,,0.05,,,,,,,,,,,
PTWD,chinstrap penguin,,,,,,,,,,,,,,0.25,,,,,,,,,,,,,,,,,,,,,,,,,,,,,,,,,,,,,,,,,
PTWD,gentoo penguin,,,,,,,,,,,,,,0.5,,,,,,,,,,,,,,,,,,,,,,,,,,,,,,,,,,,,,,,,,
PURD,chinstrap penguin,,,,,,,,,,,,,,,,,,,,,,,,,0.9,,,,,,,,,,,,,,,,,,,,,,,,,,,,,,
PYPT,gentoo penguin,,,,,,,,,,,,,,,,,,,,,,,,0.05,,,,,,,,,,,,,,,,,,,,,,,,,,0.5,0.25,,,,
PYRI,chinstrap penguin,,,,,,,,,,,,,,,,,,,,,,0.1,,,,,,,,,,,,,,,,,,,,,,,,,,,,,,,,,
QPTN,gentoo penguin,,,,,,,,,,,,,,,,,,,,,,,,,0.05,,,,,,,,,,,,,,,,,,,,,,,,,,,,,,
RAUE,adelie penguin,,,,,,,,,,,,,,,,,,,,,,,0.05,,,,,,,,,,,,,,,,,,,,,,,,,,,,,0.9,,,
RAYN,chinstrap penguin,,,,,,,,,,,,,,,,,,,,,,,,,0.5,,,,,,,,,,,,,,,,,,,,,,,,,,,,,,
RBSN,adelie penguin,,,,,,,,,,,,,,,,,,,,,,,,,,,,,,,,,,,,,,,,,,,,,,,0.9,0.9,,,,,,,
REDI,adelie penguin,,,,,,,,,,,,,,,,,,,,,,,,,,,,,,,,,,,,,,,,,,,,,,,,0.9,,,,,,,
RENI,chinstrap penguin,,,,,,,,,,,,,,,,,,,,,,,,,,,,0.25,,,,,,,,,,,,,,,,,,,,,,,,,0.05,,0.05
RETU,chinstrap penguin,,,,,,,,,,,,,,,,,,,,,,,,,0.5,,,,,,,,,,,,,,,,,,,,,,,,,,,,,,
RHYO,adelie penguin,,,,,,,,,,,,,,,,,,,,,,,,,,,,,,,0.05,,,,,,,,,,,,,,,,,,,,,0.9,,,
RIDL,chinstrap penguin,,,,,,,,,,,,,,,,,,,,,,0.1,,,,,,,,,,,,,,,,,,,,,,,,,,,,,,,,,
RIPP,gentoo penguin,,,,,,,,,,,0.9,,,,,,,,,,,,,,,,,,,,,,,,,,,,,,,,,,,,,,,,,,,,
ROBE,chinstrap penguin,,,,,,,,,,,,,,,,,,,,,,,,,,,,,,,,,,,,,,,,,,,,,,,,,,,,,,0.05,
ROBE,gentoo penguin,,,,,,,,,,,,,,,,,,,,,,,,,,,,,,,,,,,,,,,,,,,,,,,,,,,,,,0.05,
ROCA,chinstrap penguin,,,,,,,,,,,,,,,,,,,,,,,,,0.5,,,,,,,,,,,,,,,,,,,,,,,,,,,,,,
RONE,gentoo penguin,,,,,,,,,,,,,,,,,,,,,,,,,,,,,,0.05,,,,0.05,,0.1,,,,,,,,,,,,,0.05,0.25,0.05,,,0.05,0.05
RONW,adelie penguin,,,,,,,,,,,,,,,,,,,,,,,,,,,,,,,,,,,,,,,,,,,,,,,,0.9,,,,,,,
ROOK,adelie penguin,,,,,,,,,,,,,,,,,,,,,,,,,,,,,,0.1,,,,,,,,,,,,,,,,,,,,,,0.9,,,
ROQU,chinstrap penguin,,,,,,,,,,,,,,,,,,,,,,,,,,,,0.25,,,,,,,,,,,,,,,,,,,,,,,,,,,
ROSE,adelie penguin,,,,,,,,,,,,,,,,,,,,,,,,,,,,,,,,,,,,,,,,,,,,,,,0.9,0.9,,,,,,,
ROYD,adelie penguin,,,,,,,,,,,,,,,,,,,,,,0.05,,,0.1,0.1,0.1,0.1,0.1,0.1,0.1,0.1,0.1,0.1,0.1,0.1,0.1,0.1,0.1,0.1,0.1,0.1,0.1,0.1,0.1,0.1,0.1,0.1,0.1,0.1,0.1,0.1,0.1,0.1,0.1
RRRI,adelie penguin,,,,,,,,,,,,,,,,,,,,,,,,,,,,,,,,,,,,,,,,,,,,,,,,,0.05,,,,,,
RUDM,chinstrap penguin,,,,,,,,,,,,,,,,,,,,,,,,,0.5,,,,,,,,,,,,,,,,,,,,,,,,,,,,,,
RUGG,chinstrap penguin,,,,,,,,,,,,,,,,,,,,,,,,,,,,,,,,,,,,,,,,,,,,,,,,,,,,,0.05,0.05,0.05
RZEP,chinstrap penguin,,,,,,,,,,,,,,,,,,,,,,0.1,,,,,,,,,,,,,,,,,,,,,,,,,,,,,,,,,
SABR,adelie penguin,,,,,,,,,,,,,,,,,,,,,,,,,,0.1,,,,,,,,,,,,,,,,0.05,,,,,0.1,,,,,,,,
SABR,chinstrap penguin,,,,,,,,,,,,,,,,,,,,,,,,,,,,,,,,,,,,,,,,,,0.05,,,,,,,,,,,,,
SANE,gentoo penguin,,,,,,,,,,,,,,,,,,,,,,,,,,,,,,0.25,,,,,,,,,,,,,,,,,,,,,,0.05,,,
SAPT,chinstrap penguin,,,,,,,,,,,,,,0.5,,,,,,,,,,,,,,,,,,,,,,,,,,,,,,,,,,,,,,,,,
SART,chinstrap penguin,,,,,,,,,,,,,,,,,,,,,,,,,,,,,0.5,,,,,,,,,,,,,,,,,,,,,,,,,,
SAXU,adelie penguin,,,,,,,,,,,,,,,,,,,,,,,,,,,,,,,,,,,,,,,,,,,,,,,0.5,,,,,,,,
SAXU,gentoo penguin,,,,,,,,,,,,,,,,,,,,,,,,,,,,,,,,,,,,,,,,,,,,,,,0.5,,,,,,,,
SCUL,adelie penguin,,,,,,,,,,,,,,,,,,,,,,,,,,,,,,,,,,,,,,,,,,,,,,,,,,,,0.9,,,
SEFB,adelie penguin,,,,,,,,,,,,,,,,,,,,,,,,,,,,,,,,,,,,,,,,,,,,,,,,,,,,,0.9,,
SEGI,chinstrap penguin,,,,,,,,,,,,,,,,,,,,,,,,,,0.9,,,,,,,,,,,,,,,,,,,,,,,,,,,,,
SELV,chinstrap penguin,,,,,,,,,,,,,,,,,,,,,,,,,,,,,,,,,,,,,,,,,,,,,,,,,0.05,,0.05,,0.05,0.05,0.05
SELV,gentoo penguin,,,,,,,,,,,,,,,,,,,,,,,,,,,,,,,,,,,,,,,,,,,,,,,,,0.05,0.05,0.05,,0.05,0.05,0.05
SENT,adelie penguin,,,,,,,,,,,,,,,,,,,,,,,,,,,0.1,,,,,,,,,,,,,,,,,,,,,,,,,,0.9,,
SEPR,adelie penguin,,,,,,,,,,,,,,,,,,,,,,,,,,0.1,,,,,,,,,,,,,,,,,,,,,0.1,,,,,,,,
SERA,chinstrap penguin,,,,,,,,,,,,,,,,,,0.9,,,,,,,,,,,,,,,,,,,,,,,,,,,,,,,,,,,,,
SEWE,adelie penguin,,,,,,,,,,,,,,,,,,,,,,,,,,,,,,,,,,,,,,,,,,,,,,,,,,,,,,0.05,
SGUE,chinstrap penguin,,,,,,,,,,,,,,,,,,,,,,,,,,,,,,,,,,,,,,,,,,,,,,,,,,,,,,,
SHEE,adelie penguin,,,,,,,,,,,,,,,,,,,,,,,,,,,,,,,,,,,,,,,,,,,,,,,,,,,0.9,,,,
SHEI,adelie penguin,,,,,,,,,,,,,,,,,,,,,,,,,,,,,,,,,,,,,,,,,,,,,,,,,,,,0.9,,,
SHEN,adelie penguin,,,,,,,,,,,,,,,,,,,,,,,,,,,,,,,,,,,,,,,,,,,,,,0.9,,,,,,,,,
SHEP,adelie penguin,,,,,,,,,,,,,,,,,,,,,,,,,,,,,,,,,,,,,,,,,,,,,,0.9,,,,,,,,,
SHIL,chinstrap penguin,,,,,,,,,,,,,,0.5,,,,,,,,,,,,,,,,,,,,,,,,,,,,,,,,,,,,,,,,,
SHIN,adelie penguin,,,,,,,,,,,,,,,,,,,,,,,,,,,,,,,,,,,,,,,,,,,,,,0.05,,,0.25,,,,,,
SHIR,chinstrap penguin,,,,,,,,,,,,,,,,,,,,,,,,,,,,,,,,,,,,,,0.05,0.05,0.05,0.05,0.05,0.05,0.05,0.05,0.05,0.05,0.05,0.05,0.05,0.05,0.05,,,
SHIR,gentoo penguin,,,,,,,,,,,,,,,,,,,,,,,,,,,,,,,,,,,,,,0.05,0.05,0.05,0.05,0.05,0.05,,0.05,0.05,0.05,0.05,0.05,0.05,0.05,0.05,,,
SHIS,chinstrap penguin,,,,,,,,,,,,,,,,,,,,,,0.05,,,,,,,,,,,,,,,,,,,,,,,,,,,,,,,,,
SHLY,adelie penguin,,,,,,,,,,,,,,,,,,,,,,,,,,,,,,,0.1,,,,,,,,,,,,,,,,,,,,,0.9,,,
SIMS,adelie penguin,,,,,,,,,,,,,,,,,,,,,,,,,,,,,,,,,,,,,,,,,,,,,,,,,,,,,,0.9,
SKIL,chinstrap penguin,,,,,,,,,,,,,,,,,,,,,,,,,0.5,,,,,,,,,,,,,,,,,,,,,,,,,,,,,,
SKOT,gentoo penguin,,,,,,,,,,,,,,,,,,,,,,,,,,,,0.05,,,,,,,,,,,,,,,,,,,,,,,,,,0.05,0.05
SMAL,chinstrap penguin,,,,,,,,,,,,,,,,,,,,,,,,,,,0.9,,,,,,,,,,,,,,,,,,,,,,,,,,,,
SMAT,chinstrap penguin,,,,,,,,,,,,,,,,,,,,,,,,,0.5,,,,,,,,,,,,,,,,,,,,,,,,,,,,,,
SMIG,adelie penguin,,,,,,,,,,,,,,,,,,,,,,,,,,,,,,,,,,,,,,,,,,,,,,,,,,,,,,0.05,
SMIG,chinstrap penguin,,,,,,,,,,,,,,,,,,,,,,,,,0.05,,,,,,,,,,,,,,,,,,,,,,,,,,,,,0.05,
SOMI,adelie penguin,,,,,,,,,,,,,,,,,,,,,,,,,,,,,,,,,,,,,,,,,,,,,,,,,0.05,,,,,0.05,
SPBL,chinstrap penguin,,,,,,,,,,,,,,,,,,,,,,,,,,,,,,,,,,,,,,,,,,,,,,,,,,,,,0.25,,
SPER,chinstrap penguin,,,,,,,,,,,,,,,,,,,,,,,,,,,0.9,,,,,,,,,,,,,,,,,,,,,,,,,,,,0.05
SPIG,chinstrap penguin,,,,,,,,,,,,,,,,,,,,,,,,0.9,,,,,,,,,,0.05,,,,,,,,,,,,,,,0.05,,0.05,0.05,0.05,0.05,0.05
SPIN,chinstrap penguin,,,,,,,,,,,,,,,,,,,,,,,,,,,,,,,,,,,,,,,,,,,,,0.9,,,,,,,,,,
SPIP,chinstrap penguin,,,,,,,,,,,,,,,,,,,,,,,,,,,,,,,,,,0.05,,,,,,,,,,,,,,,0.05,,0.05,,,0.05,0.05
SPIP,gentoo penguin,,,,,,,,,,,,,,,,,,,,,,,,,,,,,,,,,,,,,,,,,,,,,,,,,0.05,,,,,,
SPLI,chinstrap penguin,,,,,,,,,,,,,,0.9,,,,,,,,,,,,,,,,,,,,,,,,,,,,,,,,,,,,,,,,,
SPNW,chinstrap penguin,,,,,,,,,,,,,,,,,,,,,,,,,,,,,,,,,,,,,,,,,,,,,,,,,,,,,0.1,,
SPRI,chinstrap penguin,,,,,,,,,,,,,,,,,,,,,,,,,0.5,,,,,,,0.5,,,,,,,0.1,,,,,,,,,,,,,0.05,,,
SPRO,adelie penguin,,,,,,,,,,,,,,,,,,,,0.05,,,,,,,,,,,,,,,,,,,,,,,,,,,,,,,,0.9,,,
SPRO,chinstrap penguin,,,,,,,,,,,,,,,,,,,,0.05,,,,,,,,,,,,,,,,,,,,,,,,,,,,,,,,,,,
SPTR,chinstrap penguin,,,,,,,,,,,,,,,,,,,,,,,,,,,,,,,,,,,,,,,,,,,,,,,,,0.05,,0.05,,0.05,0.05,0.05
SPTR,gentoo penguin,,,,,,,,,,,,,,,,,,,,,,,,,,,,,,,,,,,,,,,,,,,,,,,,,,,,,,,
SPUI,chinstrap penguin,,,,,,,,,,,,,,,,,,,,,,,,,0.5,,,,,,,,,,,,,,,,,,,,,,,,,,,,,,
STAC,gentoo penguin,,,,,,,,,,,0.05,,,,,,,,,,,,,,,,,,,,,,,,,,,,,,,,,,,,,,,,,,,,
STEE,chinstrap penguin,,,,,,,,,,,,,,,,,,,,,,,,,0.5,,,,,,,,,,,,,,,,,,,,,,,,,,,,,,
STEI,adelie penguin,,,,,,,,,,,,,,,,,,,,,,,0.05,,,,,,,,,,,,,,,,,,,,,,,,,,,,,0.9,,,
STEN,adelie penguin,,,,,,,,,,,,,,,,,,,,,,,,,0.5,,,,,,,,,,,,,,,,,,,,,,,,,,,0.05,,,
STEN,chinstrap penguin,,,,,,,,,,,,,,,,,,,,,,,,,0.5,,,,,,,,,,,,,,,,,,,,,,,,,,,,,,
STER,chinstrap penguin,,,,,,,,,,,,,,,,,,,,,,,,,,,,0.5,,,,,,,,,,,0.1,,,,,,,,,,,,,0.05,,,
STER,gentoo penguin,,,,,,,,,,,,,,,,,,,,,,,,,,,,0.05,,,,,,,,,,,0.1,,,,,,,,,,,,,0.05,,,
STIG,chinstrap penguin,,,,,,,,,,,,,,,,,,,,,,0.1,,,,,,,,,,,,,,,,,,,,,,,,,,,,,,,,,
STOK,chinstrap penguin,,,,,,,,,,,,,,,,,,,,,,,,,,,,,,,,,,,,,,,,,,,,,,,,,,,,,,,
STRA,adelie penguin,,,,,,,,,,,,,,,,,,,,,,0.25,,,,0.25,0.25,,0.25,0.1,,,,,,,,,,,,,,,,,,,0.05,,0.05,,,0.05,
STRA,chinstrap penguin,,,,,,,,,,,,,,,0.5,,,,,,,0.1,,,,0.1,0.1,,,0.05,,,,,,,,,,,,,,,,,,,,,,,,,
STRA,gentoo penguin,,,,,,,,,,,,,,,,,,,,,,0.25,,,,0.25,0.25,,0.25,0.1,,,,,,,,,,,,,,,,,,,,,,,,,
STUR,adelie penguin,,,,,,,,,,,,,,,,,,,,,,,,,,,,,,,,,,,,,,,,,,,,0.9,,,,,,,,,,,
SVEN,adelie penguin,,,,,,,,,,,,,,,,,,,,,,,0.1,,0.1,,,0.1,,0.1,,0.1,,,,,,0.1,,0.1,,,0.1,,,,,0.1,,,,0.9,,,0.1
SVIS,adelie penguin,,,,,,,,,,,,,,,,,,,,,,,0.05,,,,,,,,,,,,,,,,,,,,,,,,,,,,,,,,
SWIS,adelie penguin,,,,,,,,,,,,,,,,,,,,,,,,,,,0.1,,,,,,,,,,,,,,,,,,,,,,,,,,,,
TART,chinstrap penguin,,,,,,,,,,,,,,,,,,,,,,0.1,,,,,,,,,,,,,,,,,,,,,,,,,,,,,,,,,
TAYH,adelie penguin,,,,,,,,,,,,,,,,,,,,,,,,,,,,,,,,,,,,,,,,,,,0.5,,,,,0.5,,,,0.25,,,
TAYL,chinstrap penguin,,,,,,,,,,,,,,,,,,,,,,0.1,,,,,,0.05,,,,,,,,,,,,,,,,,,,,,,,,,,,
TENM,adelie penguin,,,,,,,,,,,,,,,,,,,,,,,,,,,,,,,,,,,,,,,,,,,,,,,,,,,,0.9,,,
TETR,chinstrap penguin,,,,,,,,,,,,,,,,,,,,,,,,,0.5,,,,,,,,,,,,,,,,,,,,,,,,,,,,,0.05,0.05
THOR,adelie penguin,,,,,,,,,,,,,,,,,,,,,,,,,,,,,,,,,,,,,,,,,,,,,,,0.9,0.9,,,,,,,
THUN,chinstrap penguin,,,,,,,,,,,,,,,,,,0.5,,,,,,,,,,,,,,,,,,,,,,,,,,,,,,,,,,,,,
TIEA,chinstrap penguin,,,,,,,,,,,,,,,,,,,,,,,,,0.05,,,,,,,,,,,,,,,,,,,,,,,,,,,,,,
TINW,chinstrap penguin,,,,,,,,,,,,,,,,,,,,,,,,,,,,0.5,,,,,,,,,,,,,,,,,,,,,,,,,,,
TISW,chinstrap penguin,,,,,,,,,,,,,,,,,,,,,,,,,,,,0.9,,,,,,,,,,,,,,,,,,,,,,,,,,,
TIWE,chinstrap penguin,,,,,,,,,,,,,,,,,,,,,,,,,,,,0.5,,,,,,,,,,,,,,,,,,,,,,,,,,,
TORG,adelie penguin,,,,,,,,,,,,,,,,,,,,,0.05,0.05,,0.05,0.05,,0.05,0.05,,,,,,,,,,,,,,,,,,,,,,,,,,,
TORG,chinstrap penguin,,,,,,,,,,,,,,,0.05,,,,,,,,,,,,,,,,,,,,,,,,,,,,,,,,,,,0.05,,,,,
TOWW,chinstrap penguin,,,,,,,,,,,,,,,,,,,,,,,,,,,,0.5,,,,,,,,,,,,,,,,,,,,,,,,,,,
TRIA,gentoo penguin,,,,,,,,,,,0.25,,,,,,,,,,,,,,,,,,,,,,,,,,,,,,,,,,,,,,,,,,,,
TROW,chinstrap penguin,,,,,,,,,,,,,,,,,,,,,,0.1,,,,,,,,,,,,,,,,,,,,,,,,,,,,,,,,,
TRUA,gentoo penguin,,,,,,,,,,,,,,,,,,,,,,,,,,,,,,,,,,,,,,,,,,,,,,,,,,,,,,0.05,
TRUN,adelie penguin,,,,,,,,,,,,,,,,,,,,,,,,,,,,,,,,,,,,,,,,,,,,,,,,,,,,,,0.05,
TRUN,chinstrap penguin,,,,,,,,,,,,,,,,,,,,,,,,,,,,,,,,,,,,,,,,,,,,,,,,,,,,,,0.05,
TRYN,adelie penguin,,,,,,,,,,,,,,,,,,,,,,,,,,,,,,,,,,,,,,,,,,,,,,,,,,,,,0.9,,
TSIS,adelie penguin,,,,,,,,,,,,,,,,,,,,,,0.25,,,,,,,,,,,,,,,,,,,,,,,,,,0.9,,,,,,,
TTOE,chinstrap penguin,,,,,,,,,,,,,,,0.5,,,,,,,,,,,,,,,,,,,,,,,,,,,,,,,,,,,,,,,,
TTUR,chinstrap penguin,,,,,,,,,,,,,,,,,,,,,,,,,0.5,,,,,,,,,,,,,,,,,,,,,,,,,,,,,,
TUPI,chinstrap penguin,,,,,,,,,,,,,,,,,,,,,,,,,,,,,,,,0.5,,,,,,,,,,,,,,,,,,,,,,,
TURR,adelie penguin,,,,,,,,,,,,,,,,,,,,,,,,,,,,,,,,,,,,,,,,,,,,,,,,,,,,0.05,,0.05,
TURR,chinstrap penguin,,,,,,,,,,,,,,,,,,,,,,0.1,,,,,,,,,,,,,,,,,,,,,,,,,,,,,,0.05,,0.05,0.05
TUXE,gentoo penguin,,,,,,,,,,,,,,,,,,,,,,,,,,,,,,,,,,,,,,,,,,,,,,,,,,,,,,0.05,0.05
TWIN,chinstrap penguin,,,,,,,,,,,,,,0.5,,,,,,,,,,,,,,,,,,,,,,,,,,,,,,,,,,,,,,,,,
TXRX,gentoo penguin,,,,,,,,,,,,,,,,,,,,,,,,,,,,,,,,,,,,,,,,,,,,,,,,,,,,,,,0.05
UCHA,chinstrap penguin,,,,,,,,,,,,,,,,,,,,,0.1,0.1,0.1,,,,,,,0.1,0.1,0.1,,0.1,,0.1,0.1,0.1,,,,,,,,,,,,,,,,,
UFSI,adelie penguin,,,,,,,,,,,,,,,,,,,,,,,,,,,,,,,,,,,,,,,,,,,,,,,,,,0.9,,,,,
UIP1,adelie penguin,,,,,,,,,,,,,,,,,,,,,,,,,,,,,,,,,,,,,,,,,,,,,,,,,,,,,,,
UIP2,adelie penguin,,,,,,,,,,,,,,,,,,,,,,,,,,,,,,,,,,,,,,,,,,,,,,,,,,,,,0.9,,
UIP3,adelie penguin,,,,,,,,,,,,,,,,,,,,,,,,,,,,,,,,,,,,,,,,,,,,,,,,,,,,,0.9,,
UIPN,adelie penguin,,,,,,,,,,,,,,,,,,,,,,,,,,,,,,,,,,,,,,,,,,,,,,,,,,,,0.9,,,
UNGE,adelie penguin,,,,,,,,,,,,,,,,,,,,,,,,,,0.1,0.1,,,,,,,,,,,,,,,,,,,,,,,,,0.9,,,
UNN2,adelie penguin,,,,,,,,,,,,,,,,,,,,,,,,,,,,,,,,,,,,,,,,,,,,,,,,,,,,0.05,,,
UNN7,adelie penguin,,,,,,,,,,,,,,,,,,,,,,,,,,,,,,,,,,,,,,,,,,,,,,,,,,,,0.9,,,
USEF,chinstrap penguin,,,,,,,,,,,,,,,,,,,,,,,,,0.5,,,,,,,,,,,,,,,,,,,,,0.05,,,0.05,0.05,,0.05,,,
USEF,gentoo penguin,,,,,,,,,,,,,,,,,,,,,,,,,0.25,,,,,,,,,,,,,,,,,,,,,0.05,,,0.05,0.05,,,,,
VAIS,chinstrap penguin,,,,,,,,,,,,,,,,,,,,,,,,,0.5,,,,,,,,,,,,,,,,,,,,,,,,,,,,,,
VALE,chinstrap penguin,,,,,,,,,,,,,,0.25,,,,,,,,,,,,,,,,,,,,,,,,,,,,,,,,,,,,,,,,,
VAPO,chinstrap penguin,,,,,,,,,,,,,,,,,,,,,,,,,,,,,,,,,,,,,,,,,,,,,,,,,,,,,0.05,,
VERN,gentoo penguin,,,,,,,,,,,,,,,,,,,,,,,,,,,,,,,,,,,,,,,,,0.05,,,,,,,,0.05,0.05,,,,0.05,
VESN,adelie penguin,,,,,,,,,,,,,,,,,,,,,,,0.05,,,,,,,,,,,,,,,,,,,,,,,,,,,,,,,0.9,
VESS,adelie penguin,,,,,,,,,,,,,,,,,,,,,,,0.05,,,,,,,,,,,,,,,,,,,,,,,,,,,,,,0.9,,
VIEU,adelie penguin,,,,,,,,,,,,,,,,,,,,,,,,,,,0.5,,,,,,,,,,,,,,,,,,,,,,,,,,,0.05,
VORT,adelie penguin,,,,,,,,,,,,,,,,,,,,,,,,,,,,,,,,,,,,,,,,,,,,,,,,,,0.1,,0.9,,,
WAIT,adelie penguin,,,,,,,,,,,,,,,,,,,,,,,,,,,,,,,,,,,,,,,,,,,,,,,,,,,0.9,,,,
WALK,chinstrap penguin,,,,,,,,,,,,,,0.5,,,,,,,,,,,,,,,,,,,,,,,,,,,,,,,,,,,,,,,,,
WATE,chinstrap penguin,,,,,,,,,,,,,,,,,,,,,,,,,,,,,,,0.05,,,,,0.05,,,0.05,0.05,,,,,,0.05,,,,0.05,,0.05,,0.05,0.05
WATE,gentoo penguin,,,,,,,,,,,,,,,,,,,,,,,,,,,,,,,,,,,,,,,0.05,,,,,,,0.05,,,,0.1,,,0.05,0.05,0.05
WATT,adelie penguin,,,,,,,,,,,,,,,,,,,,,,,,,,,,,,,,,,,,,,,,,,,,,,,,,,,,,0.9,,
WAYA,adelie penguin,,,,,,,,,,,,,,,,,,,,,,,,,,,,,,,,,,,,,,,,,,,,,,,,,,,,,0.9,,
WEDD,adelie penguin,,,,,,,,,,,,,,,,,,,,,,,,,,,,,,,,,,,,,,,,,,,,,,,,,,,,0.9,,,
WEDD,gentoo penguin,,,,,,,,,,,,,,,,,,,,,,,,,,,,,0.05,,,,,,,,,,,,,,,,,,,,,,,,,,
WELC,chinstrap penguin,,,,,,,,,,,,,,0.25,,,,,,,,,,,,,,,,,,,,,,,,,,,,,,,,,,,,,,,,,
WELL,adelie penguin,,,,,,,,,,,,,,,,,,,,,,,,,,,,,,,,,,,,,,,,,,,,,,,,,,,,,,0.05,
WHEA,adelie penguin,,,,,,,,,,,,,,,,,,,,,,,,,0.1,0.1,0.1,,0.1,,,0.1,0.1,0.1,0.1,,,,,0.1,,,,,,,,0.1,,,,0.9,,,0.1
WHTY,adelie penguin,,,,,,,,,,,,,,,,,,,,,,,,,,,,,,,0.1,,,,,,,,,,,,,,,,,,,,,0.9,,,
WIDE,adelie penguin,,,,,,,,,0.25,,,,,,,,,,,,,,,,,,,,,,,,,,,,,,,,,,,,,,,,,,,,,,
WIDE,chinstrap penguin,,,,,,,,,,,,,,,,,,,,,,,,,,,,,,,,,,,,,,,,,,,,,,,,,,,,,,,
WILD,chinstrap penguin,,,,,,,,,,,,,,,,,,,,,,,,,,,,,,,,,,,,,,,,,,,,,,,,0.25,,,,,,,
WILD,gentoo penguin,,,,,,,,,,,,,,0.9,,,,,,,,,,,,,,,,,,,,,,,,,,,,,,,,,,,,,,,,,
WINK,adelie penguin,,,,,,,,,,,,,,,,,,,,,,,,,,,,,,,,,,,,,,,,,,,,,,,,,,,,,,0.05,
WINK,chinstrap penguin,,,,,,,,,,,,,,,,,,,,,,,,,0.05,,,,,,,,,,,,,,,,,,,,,,,,,,,,,0.05,
WITH,chinstrap penguin,,,,,,,,,,,,,,,,,,,,,,,,,,,,,,,,,,,,,,,,,,,,,,,,,,,,,,,
WOOD,adelie penguin,,,,,,,,,,,,,,,,,,,,,,,,,,0.1,,,0.05,,0.25,,0.1,,,0.05,0.05,,,,,,,,,,,,,,,0.9,,,
WOPT,adelie penguin,,,,,,,,,,,,,,,,,,,,,,,,,,,,,,,,,,,,,,,,,,,,,,,,,,,,0.9,,,
WORL,chinstrap penguin,,,,,,,,,,,,,,,,,,,,,,0.1,,,,,,,,,,,,,,,,,,,,,,,,,,,,,,,,,
WPEC,adelie penguin,,,,,,,,,,,,,,,,,,,,,,,,,0.25,,,,,,,,,,0.05,0.05,,,,,,,,,,0.05,,,,,,0.9,,,
WPEC,chinstrap penguin,,,,,,,,,,,,,,,,,,,,,,,,,0.5,,,,,,,,,,,,,,,,,,,,,,,,,,,,,,
WPEC,gentoo penguin,,,,,,,,,,,,,,,,,,,,,,,,,0.05,,,,,,,,,,,0.05,,,,,,,,,,,,,,,,,,,
WPWC,chinstrap penguin,,,,,,,,,,,,,,,,,,,,,,,,,0.5,,,,,,,,,,,,,,,,,,,,,,,,,,,,,,
WSAD,chinstrap penguin,,,,,,,,,,,,,,0.25,,,,,,,,,,,,,,,,,,,,,,,,,,,,,,,,,,,,,,,,,
WYAT,adelie penguin,,,,,,,,,,,,,,,,,,,,,,,,,,,,,,,,,,,,,,,,,,,,,,,,,,,,,0.9,,
YALO,adelie penguin,,,,,,,,,,,,,,,,,,,,,,,,0.05,,,,,,,,,,,,,,,,,,,,,0.05,,,,,0.05,0.05,0.05,,0.05,0.05
YALO,gentoo penguin,,,,,,,,,,,,,,,,,,,,,,,,,,,,,,,,,,,,,,,,,,,,,0.05,,,0.05,,,0.05,,,0.05,0.05
YANK,gentoo penguin,,,,,,,,,,,,,,,,,,,,,,,,,,,,,,,,0.5,,,,,,0.25,,,0.05,0.05,,0.05,0.05,,,,0.05,,,,,0.05,0.05
YOUN,adelie penguin,,,,,,,,,,,,,,,,,,,,,,,,,,,,,,,,,,,,,,,,,,,,,,,,,,,,,,,
ZAWA,chinstrap penguin,,,,,,,,,,,,,,,,,,,,,,0.1,,,,,,,,,,,,,,,,,,,,,,,,,,,,,,,,,
ZIGZ,chinstrap penguin,,,,,,,,,,,,,,,,,,,,,,,,,,,,0.9,,,,,,,,,,,,,,,,,,,,,,,,,,,
